observed_date,market,property,rate_usd,stay_date,los,source,note,basis,rate_type,channel
2026-07-29,safari,Governors' Camp,1996,2026-08-28,2,Siyabona Africa published 2026 rate sheet (siyabona.com/pricing_governors-main-camp-kenya.html),"USD998 pps Full Board Plus, 01 Jul-31 Oct 2026 season; doubled to per-double-room basis. FB+ inclusive of meals and select activities.",FB+,international,direct
2026-07-29,safari,Angama Mara,5500,2026-08-28,2,angama.com official rates page (Peak Season 1 Jul-30 Sep 2026),"USD2,750 pppn fully inclusive; doubled to per-double basis. Excludes Mara park fees USD200pp Jul-Dec.",FI,international,direct
2026-07-29,safari,Mara Serena Safari Lodge,989,2026-08-28,2,Siyabona Africa published 2026 rate sheet (siyabona.com/pricing_mara-serena-kenya-safari.html),"USD989 per unit Full Board, 16 Jun-30 Sep 2026 season. Already per-room.",FB,international,direct
2026-07-29,safari,Kichwa Tembo,2530,2026-08-28,2,Siyabona Africa published 2026 rate sheet (siyabona.com/pricing_kichwa-tembo-tented-camp.html),"USD1,265 pps Fully Inclusive Plus, 01 Jul-31 Oct 2026; doubled to per-double basis.",FI,international,direct
2026-07-29,safari,Serengeti Serena Safari Lodge,990,2026-08-28,2,Siyabona/safari.co.za published 2026 rate sheet,"USD990 per unit Full Board, 01 Jun-31 Oct 2026 season. Already per-room.",FB,international,direct
2026-07-29,zanzibar,Zuri Zanzibar,1160,2026-08-28,2,zurizanzibar.com official Rack Rates 2026 PDF,"Lead-in Bungalow, 2 pax, per room per night, Half Board incl VAT. High Season 1 Jun-30 Nov 2026. Excludes USD5 pp/night city tax.",HB,international,direct
2026-07-29,coast,Diani Reef Beach Resort,187,2026-08-28,2,"The Holiday Dealers published 2026 resident rate card (KES 12,100 PPS HB)","Premium Garden Room, 6 Apr-19 Dec 2026, KES12,100 PPS Half Board = KES24,200/double; converted at CBK 129.30 KES/USD (2 Jul 2026). RESIDENT rate basis.",HB,resident,direct
2026-07-29,coast,Leopard Beach Resort,282,2026-08-28,2,"The Holiday Dealers published 2026 resident rate card (KES 18,200 PPS HB)","Deluxe Terrace, 1 Jul-31 Aug 2026 season, KES18,200 PPS Half Board = KES36,400/double; converted at CBK 129.30. RESIDENT rate basis.",HB,resident,direct
2026-07-29,coast,Baobab Beach Resort,278,2026-08-28,2,"The Holiday Dealers published 2026 resident rate card (KES 18,000 PPS AI)","Garden View, 1 Jul-31 Aug 2026 season, KES18,000 PPS ALL-INCLUSIVE = KES36,000/double; converted at CBK 129.30. RESIDENT rate, AI basis (richer than HB peers).",AI,resident,direct
2026-07-29,nairobi,Sarova Stanley,206,2026-08-28,2,Siyabona/kenyasafari.com published 2026 rate sheet,"USD206 per unit Bed & Breakfast, 01 Jun-31 Dec 2026 validity window. Already per-room.",BB,international,direct
2026-08-02,coast,Swahili Beach,316,2026-09-01,2,"The Holiday Dealers published 2026 resident rate card (theholidaydealers.com/destinations/kenya/diani/swahili-beach-resort), 2 Aug 2026","Superior Room (lead-in published category), 1-30 Sep 2026 season, KES20,400 PPS Half Board = KES40,800/double; converted at CBK 129.30 KES/USD. RESIDENT rate. Standard Garden rooms exist but not priced on card.",HB,resident,direct
2026-08-02,coast,Voyager Beach Resort,269,2026-09-01,2,"The Holiday Dealers published 2026 resident rate card (theholidaydealers.com/destinations/kenya/mombasa/voyager-beach-resort), 2 Aug 2026","Standard Pool Room (lead-in), 1 Sep-31 Oct 2026 season, KES17,400 PPS ALL-INCLUSIVE = KES34,800/double; converted at CBK 129.30. RESIDENT rate, AI basis (Voyager is an AI property).",AI,resident,direct
2026-08-02,nairobi,Hemingways Nairobi,1054,2026-09-01,2,"Google Hotels via SerpApi, 2026-08-02","Matched 'Hemingways Nairobi' (similarity 1.00); lowest displayed nightly rate, inclusions not stated by Google.",UNK,international,ota
2026-08-02,coast,Serena Beach Resort & Spa,209,2026-09-01,2,"Google Hotels via SerpApi, 2026-08-02","Matched 'Serena Beach Resort & Spa' (similarity 1.00); lowest displayed nightly rate, inclusions not stated by Google.",UNK,international,ota
2026-08-03,zanzibar,The Residence Zanzibar,1150,2026-09-02,2,"safari.com published rate table (Cenizaro 2026 rate sheet), 3 Aug 2026","USD575 pps Half Board, 1 Sep-31 Oct 2026 season band (matches ~30-day-ahead stay ~2 Sep); doubled to per-double basis. Excludes USD5 pp/night Zanzibar infrastructure tax. Lead-in 1-bedroom Luxury Garden Pool Villa.",HB,international,direct
2026-08-04,coast,Almanara Luxury Villas,980.0,2026-09-03,2,"almanara.co.ke booking engine, checked 4 Aug 2026 by OG (EA Pulse)","[CORRECTED 2026-08-10: basis FB->BB per owner confirmation; value unchanged, restores chain link with WK33.] Site quoted total for 2 nights / 2 adults; /2 to per-room per night. Collector basis note: ""FB"".",BB,international,direct
2026-08-04,coast,Baobab Beach Resort,315.6,2026-09-03,2,"baobab-beach.com booking engine, checked 4 Aug 2026 by OG (EA Pulse)","Converted from KES at FX 2 Aug 2026: 128.96 KES/USD, 2,638.52 TZS/USD, 1.1522 EUR/USD. Site quoted total for 2 nights / 2 adults; /2 to per-room per night. Collector basis note: ""BB"".",BB,international,direct
2026-08-04,coast,Baobab Beach Resort,385.0,2026-09-03,2,"Booking.com, checked 4 Aug 2026 by OG (EA Pulse)","OTA comparison. Converted from KES at FX 2 Aug 2026: 128.96 KES/USD, 2,638.52 TZS/USD, 1.1522 EUR/USD. Site quoted total for 2 nights / 2 adults; /2 to per-room per night. Collector basis note: ""BB"".",BB,international,ota
2026-08-04,coast,Coral Cove Resort,243.76,2026-09-03,2,"coralcoveltd.com booking engine, checked 4 Aug 2026 by OG (EA Pulse)","Converted from KES at FX 2 Aug 2026: 128.96 KES/USD, 2,638.52 TZS/USD, 1.1522 EUR/USD. Site quoted total for 2 nights / 2 adults; /2 to per-room per night. Collector basis note: ""BB"".",BB,international,direct
2026-08-04,coast,Diamonds Leisure Beach & Golf Resort,293.06,2026-09-03,2,"diamondsleisure.com booking engine, checked 4 Aug 2026 by OG (EA Pulse)","Site quoted total for 2 nights / 2 adults; /2 to per-room per night. Collector basis note: ""BB"".",BB,international,direct
2026-08-04,coast,Diamonds Leisure Beach & Golf Resort,388.0,2026-09-03,2,"Booking.com, checked 4 Aug 2026 by OG (EA Pulse)","OTA comparison. Site quoted total for 2 nights / 2 adults; /2 to per-room per night. Collector basis note: ""BB"".",BB,international,ota
2026-08-04,coast,Diani Reef Beach Resort,201.0,2026-09-03,2,"dianireef.com booking engine, checked 4 Aug 2026 by OG (EA Pulse)","Site quoted total for 2 nights / 2 adults; /2 to per-room per night. Collector basis note: ""BB"".",BB,international,direct
2026-08-04,coast,Diani Reef Beach Resort,218.0,2026-09-03,2,"Booking.com, checked 4 Aug 2026 by OG (EA Pulse)","OTA comparison. Site quoted total for 2 nights / 2 adults; /2 to per-room per night. Collector basis note: ""BB"".",BB,international,ota
2026-08-04,coast,Jacaranda Indian Ocean Beach Resort,62.03,2026-09-03,2,"jacarandahotels.com booking engine, checked 4 Aug 2026 by OG (EA Pulse)","Converted from KES at FX 2 Aug 2026: 128.96 KES/USD, 2,638.52 TZS/USD, 1.1522 EUR/USD. Site quoted total for 2 nights / 2 adults; /2 to per-room per night. Collector basis note: ""BB"".",BB,international,direct
2026-08-04,coast,Jacaranda Indian Ocean Beach Resort,140.5,2026-09-03,2,"Booking.com, checked 4 Aug 2026 by OG (EA Pulse)","OTA comparison. Converted from KES at FX 2 Aug 2026: 128.96 KES/USD, 2,638.52 TZS/USD, 1.1522 EUR/USD. Site quoted total for 2 nights / 2 adults; /2 to per-room per night. Collector basis note: ""BB"".",BB,international,ota
2026-08-04,coast,Leopard Beach Resort,193.5,2026-09-03,2,"leopardbeachresort.com booking engine, checked 4 Aug 2026 by OG (EA Pulse)","Site quoted total for 2 nights / 2 adults; /2 to per-room per night. Collector basis note: ""BB"".",BB,international,direct
2026-08-04,coast,Leopard Beach Resort,215.0,2026-09-03,2,"Booking.com, checked 4 Aug 2026 by OG (EA Pulse)","OTA comparison. Site quoted total for 2 nights / 2 adults; /2 to per-room per night. Collector basis note: ""BB"".",BB,international,ota
2026-08-04,coast,Swahili Beach,414.0,2026-09-03,2,"swahilibeach.com booking engine, checked 4 Aug 2026 by OG (EA Pulse)","Site quoted total for 2 nights / 2 adults; /2 to per-room per night. Collector basis note: ""BB"".",BB,international,direct
2026-08-04,coast,The Sands at Nomad,430.0,2026-09-03,2,"thesandsatnomad.com booking engine, checked 4 Aug 2026 by OG (EA Pulse)","Site quoted total for 2 nights / 2 adults; /2 to per-room per night. Collector basis note: ""(blank)"".",UNK,international,direct
2026-08-04,safari,Angama Mara,5500.0,2026-09-03,2,"angama.com booking engine, checked 4 Aug 2026 by OG (EA Pulse)","Site quoted per person per night; x2 to per-double-room per night. Collector basis note: ""FB,Per person per night sharing"".",FB,international,direct
2026-08-04,safari,Cottar's 1920s Safari Camp,2200.0,2026-09-03,2,"cottars.com booking engine, checked 4 Aug 2026 by OG (EA Pulse)","Site quoted total for 2 nights / 2 adults; /2 to per-room per night. Collector basis note: ""FB"".",FB,international,direct
2026-08-04,safari,Governors' Camp,1996.5,2026-09-03,2,"governorscamp.com booking engine, checked 4 Aug 2026 by OG (EA Pulse)","Site quoted total for 2 nights / 2 adults; /2 to per-room per night. Collector basis note: ""FB"".",FB,international,direct
2026-08-04,safari,JW Marriott Masai Mara Lodge,4266.0,2026-09-03,2,"marriott.com booking engine, checked 4 Aug 2026 by OG (EA Pulse)","Site quoted per room per night for 2 guests; taken as recorded. Collector basis note: ""AI, Per Night"".",AI,international,direct
2026-08-04,safari,Mahali Mzuri,2600.0,2026-09-03,2,"virginlimitededition.com booking engine, checked 4 Aug 2026 by OG (EA Pulse)","Site quoted total for 2 nights / 2 adults; /2 to per-room per night. Collector basis note: ""AI,Per Nighht"".",AI,international,direct
2026-08-04,safari,Mara Plains Camp,3490.0,2026-09-03,2,"https://greatplainsconservation.com/mara-plains-luxury-safari-camp-in-kenya/ booking engine, checked 4 Aug 2026 by OG (EA Pulse)","Site quoted per person per night; x2 to per-double-room per night. Collector basis note: ""AI,per person sharing per night"".",AI,international,direct
2026-08-04,safari,Mara Serena Safari Lodge,890.0,2026-09-03,2,"https://www.serenahotels.com/mara/?gad_source=1&gad_campaignid=23415804220&gbraid=0AAAAAClpbhuysLtvvgpvrMDyZljtWMoiD&gclid=Cj0KCQjw-MDTBhCgARIsAKAkdlRqL_Rti0nK1GVYo5v7n9HBClGMVqBTn-mEYWfK0tccWMrf7sQTpiEaAuhpEALw_wcB booking engine, checked 4 Aug 2026 by OG (EA Pulse)","Site quoted per room per night for 2 guests; taken as recorded. Collector basis note: ""FB,Per Night"".",FB,international,direct
2026-08-04,safari,Olare Mara Kempinski,1941.3,2026-09-03,2,"kempinski.com booking engine, checked 4 Aug 2026 by OG (EA Pulse)","Site quoted per room per night for 2 guests; taken as recorded. Collector basis note: ""AI,Average per night"".",AI,international,direct
2026-08-04,safari,Sanctuary Olonana,4900.0,2026-09-03,2,"https://www.abercrombiekent.com/stays/safari-lodges/olonana-lodge#journey-dates-prices booking engine, checked 4 Aug 2026 by OG (EA Pulse)","Site quoted per person per night; x2 to per-double-room per night. Collector basis note: ""AI,Per Person Sharing"".",AI,international,direct
2026-08-04,safari,andBeyond Bateleur Camp,2595.0,2026-09-03,2,"andbeyond.com booking engine, checked 4 Aug 2026 by OG (EA Pulse)","Site quoted per room per night for 2 guests; taken as recorded. Collector basis note: ""AI,Per Night"".",AI,international,direct
2026-08-04,nairobi,Best Western Plus Westlands,133.25,2026-09-03,2,"bestwestern.com booking engine, checked 4 Aug 2026 by OG (EA Pulse)","[CORRECTED 2026-08-10: original US$266.5 used per-person x2 on a per-ROOM city rate, double-counting; halved to true per-room per-night. Prior figure was ~2x inflated.] Site quoted per person per night; x2 to per-double-room per night. Collector basis note: ""BB,per night per person"".",BB,international,direct
2026-08-04,nairobi,Crowne Plaza Nairobi Airport,171.0,2026-09-03,2,"ihg.com booking engine, checked 4 Aug 2026 by OG (EA Pulse)","[CORRECTED 2026-08-10: original US$342.0 used per-person x2 on a per-ROOM city rate, double-counting; halved to true per-room per-night. Prior figure was ~2x inflated.] Site quoted per person per night; x2 to per-double-room per night. Collector basis note: ""BB,per night per person"".",BB,international,direct
2026-08-04,nairobi,Fairview Hotel Nairobi,114.0,2026-09-03,2,"fairviewkenya.com booking engine, checked 4 Aug 2026 by OG (EA Pulse)","[CORRECTED 2026-08-10: original US$228.0 used per-person x2 on a per-ROOM city rate, double-counting; halved to true per-room per-night. Prior figure was ~2x inflated.] Site quoted per person per night; x2 to per-double-room per night. Collector basis note: ""BB,per night per person"".",BB,international,direct
2026-08-04,nairobi,Four Points by Sheraton Nairobi,335.0,2026-09-03,2,"marriott.com booking engine, checked 4 Aug 2026 by OG (EA Pulse)","[CORRECTED 2026-08-10: original US$670.0 used per-person x2 on a per-ROOM city rate, double-counting; halved to true per-room per-night. Prior figure was ~2x inflated.] Site quoted per person per night; x2 to per-double-room per night. Collector basis note: ""BB,per night per person"".",BB,international,direct
2026-08-04,nairobi,JW Marriott Nairobi,340.0,2026-09-03,2,"marriott.com booking engine, checked 4 Aug 2026 by OG (EA Pulse)","[CORRECTED 2026-08-10: original US$680.0 used per-person x2 on a per-ROOM city rate, double-counting; halved to true per-room per-night. Prior figure was ~2x inflated.] Site quoted per person per night; x2 to per-double-room per night. Collector basis note: ""BB,per night per person"".",BB,international,direct
2026-08-04,nairobi,Nairobi Serena Hotel,242.0,2026-09-03,2,"serenahotels.com booking engine, checked 4 Aug 2026 by OG (EA Pulse)","[CORRECTED 2026-08-10: original US$484.0 used per-person x2 on a per-ROOM city rate, double-counting; halved to true per-room per-night. Prior figure was ~2x inflated.] Site quoted per person per night; x2 to per-double-room per night. Collector basis note: ""BB,per night per person"".",BB,international,direct
2026-08-04,nairobi,Radisson Blu Nairobi,222.38,2026-09-03,2,"radissonhotels.com booking engine, checked 4 Aug 2026 by OG (EA Pulse)","[CORRECTED 2026-08-10: original US$444.75 used per-person x2 on a per-ROOM city rate, double-counting; halved to true per-room per-night. Prior figure was ~2x inflated.] Converted from EUR at FX 2 Aug 2026: 128.96 KES/USD, 2,638.52 TZS/USD, 1.1522 EUR/USD. Site quoted per person per night; x2 to per-double-room per night. Collector basis note: ""BB,per night per person"".",BB,international,direct
2026-08-04,nairobi,Sarova Stanley,204.54,2026-09-03,2,"sarovahotels.com booking engine, checked 4 Aug 2026 by OG (EA Pulse)","[CORRECTED 2026-08-10: original US$409.08 used per-person x2 on a per-ROOM city rate, double-counting; halved to true per-room per-night. Prior figure was ~2x inflated.] Converted from KES at FX 2 Aug 2026: 128.96 KES/USD, 2,638.52 TZS/USD, 1.1522 EUR/USD. Site quoted per person per night; x2 to per-double-room per night. Collector basis note: ""BB,per night per person"".",BB,international,direct
2026-08-04,nairobi,The Boma Hotel,158.0,2026-09-03,2,"thebomahotel.com booking engine, checked 4 Aug 2026 by OG (EA Pulse)","[CORRECTED 2026-08-10: original US$316.0 used per-person x2 on a per-ROOM city rate, double-counting; halved to true per-room per-night. Prior figure was ~2x inflated.] Site quoted per person per night; x2 to per-double-room per night. Collector basis note: ""BB,per night per person"".",BB,international,direct
2026-08-04,nairobi,Villa Rosa Kempinski,177.23,2026-09-03,2,"kempinski.com booking engine, checked 4 Aug 2026 by OG (EA Pulse)","[CORRECTED 2026-08-10: original US$354.46 used per-person x2 on a per-ROOM city rate, double-counting; halved to true per-room per-night. Prior figure was ~2x inflated.] Site quoted per person per night; x2 to per-double-room per night. Collector basis note: ""BB,per night per person"".",BB,international,direct
2026-08-04,lakekivu,Cormoran Lodge,210.0,2026-09-03,2,"cormoranlodge.com booking engine, checked 4 Aug 2026 by OG (EA Pulse)","Site quoted per person per night; x2 to per-double-room per night. Collector basis note: ""BB, per night per person"".",BB,international,direct
2026-08-04,lakekivu,Kivu Marina Bay Hotel,177.5,2026-09-03,2,"https://all.accor.com/booking/en/mantis/hotel/B6Y6?dateIn=2026-09-03&nights=2&compositions=2&stayplus=false&snu=false&accessibleRooms=false&hideWDR=false&productCode=null&hideHotelDetails=true&partner_id=Mantis&_gl=1*1gllo2r*_ga*MTk2MTI3ODk0Ni4xNzg1NzQ0MjQy*_ga_2J20SWCDG8*czE3ODU3NDQyNDIkbzEkZzAkdDE3ODU3NDQyNDIkajYwJGwwJGgw&basketId=3404e610-f8db-411e-87a9-5dfb8d4d82e4 booking engine, checked 4 Aug 2026 by OG (EA Pulse)","Site quoted total for 2 nights / 2 adults; /2 to per-room per night. Collector basis note: ""BB"".",BB,international,direct
2026-08-04,lakekivu,Lake Kivu Serena Hotel,279.0,2026-09-03,2,"serenahotels.com booking engine, checked 4 Aug 2026 by OG (EA Pulse)","Site quoted per room per night for 2 guests; taken as recorded. Collector basis note: ""Per Night"".",UNK,international,direct
2026-08-04,lakekivu,Moriah Hill Resort,125.0,2026-09-03,2,"https://moriah-hill.com booking engine, checked 4 Aug 2026 by OG (EA Pulse)","Site quoted per room per night for 2 guests; taken as recorded. Collector basis note: ""Per Night"".",UNK,international,direct
2026-08-04,lakekivu,Palm Garden Resort,70.0,2026-09-03,2,"https://palmgardenlodge.com booking engine, checked 4 Aug 2026 by OG (EA Pulse)","Site quoted per room per night for 2 guests; taken as recorded. Collector basis note: ""Per Night"".",UNK,international,direct
2026-08-04,lakekivu,Paradise Kivu Resort,100.0,2026-09-03,2,"https://www.paradisekivu.com/ booking engine, checked 4 Aug 2026 by OG (EA Pulse)","Site quoted per room per night for 2 guests; taken as recorded. Collector basis note: ""Per Night"".",UNK,international,direct
2026-08-04,volcanoes,Bisate Lodge,6640.0,2026-09-03,2,"wildernessdestinations.com booking engine, checked 4 Aug 2026 by OG (EA Pulse)","Site quoted per person per night; x2 to per-double-room per night. Collector basis note: ""per person per night"".",UNK,international,direct
2026-08-04,volcanoes,Five Volcanoes Boutique Hotel,900.0,2026-09-03,2,"https://fivevolcanoesrwanda.com/ booking engine, checked 4 Aug 2026 by OG (EA Pulse)","Site quoted per person per night; x2 to per-double-room per night. Collector basis note: ""per person per night"".",UNK,international,direct
2026-08-04,volcanoes,Karenge Bush Camp (Akagera),516.0,2026-09-03,2,"https://visitakagera.org/karenge-bush-camp/ booking engine, checked 4 Aug 2026 by OG (EA Pulse)","Site quoted per person per night; x2 to per-double-room per night. Collector basis note: ""PPS"".",UNK,international,direct
2026-08-04,volcanoes,Magashi Camp (Akagera),2794.0,2026-09-03,2,"https://www.wildernessdestinations.com/africa/rwanda/akagera-national-park/magashi-camp?utm_source=google&utm_medium=organic&utm_campaign=gmb&utm_content=camp_profile booking engine, checked 4 Aug 2026 by OG (EA Pulse)","Site quoted per person per night; x2 to per-double-room per night. Collector basis note: ""per person per night"".",UNK,international,direct
2026-08-04,volcanoes,Nyungwe House,3720.0,2026-09-03,2,"oneandonlyresorts.com booking engine, checked 4 Aug 2026 by OG (EA Pulse)","Site quoted per person per night; x2 to per-double-room per night. Collector basis note: ""per person per night"".",UNK,international,direct
2026-08-04,volcanoes,One&Only Gorilla's Nest,4955,2026-09-03,2,"oneandonlyresorts.com booking engine, checked 4 Aug 2026 by OG (EA Pulse); rate corrected on recheck","Site quoted per room per night for 2 guests; taken as recorded. Rate corrected by collector on recheck (was read as 8,260; correct figure is USD4,955 per room per night, USD9,910 for the 2-night stay). AVAILABILITY: on recheck the 3 Sep 2026 arrival showed FULLY BOOKED — the rate above was observed while the date was still bookable on 4 Aug, and the property has since sold out for that date at roughly 30 days' lead.",UNK,international,direct
2026-08-04,volcanoes,Ruzizi Tented Lodge (Akagera),516.0,2026-09-03,2,"akageranationalpark.org booking engine, checked 4 Aug 2026 by OG (EA Pulse)","Site quoted per person per night; x2 to per-double-room per night. Collector basis note: ""PPS"".",UNK,international,direct
2026-08-04,volcanoes,Sabyinyo Silverback Lodge,4470.0,2026-09-03,2,"sabyinyolodge.com booking engine, checked 4 Aug 2026 by OG (EA Pulse)","Site quoted per person per night; x2 to per-double-room per night. Collector basis note: ""per person per night"".",UNK,international,direct
2026-08-04,volcanoes,Singita Kwitonda Lodge,7260.0,2026-09-03,2,"https://singita.com/lodge/singita-kwitonda-lodge/information/ booking engine, checked 4 Aug 2026 by OG (EA Pulse)","Site quoted per person per night; x2 to per-double-room per night. Collector basis note: ""per adult per night"".",UNK,international,direct
2026-08-04,volcanoes,Virunga Lodge,5280.0,2026-09-03,2,"https://virungalodge.com/ booking engine, checked 4 Aug 2026 by OG (EA Pulse)","Site quoted per person per night; x2 to per-double-room per night. Collector basis note: ""Per Person Sharing"".",UNK,international,direct
2026-08-04,kigali,Hotel Des Mille Collines,195.0,2026-09-03,2,"millecollineshotel.com booking engine, checked 4 Aug 2026 by OG (EA Pulse)","Site quoted total for 2 nights / 2 adults; /2 to per-room per night. Collector basis note: ""(blank)"".",UNK,international,direct
2026-08-04,kigali,Kigali Marriott,304.0,2026-09-03,2,"marriott.com booking engine, checked 4 Aug 2026 by OG (EA Pulse)","Site quoted total for 2 nights / 2 adults; /2 to per-room per night. Collector basis note: ""(blank)"".",UNK,international,direct
2026-08-04,kigali,Kigali Serena,170.0,2026-09-03,2,"serenahotels.com booking engine, checked 4 Aug 2026 by OG (EA Pulse)","Site quoted total for 2 nights / 2 adults; /2 to per-room per night. Collector basis note: ""(blank)"".",UNK,international,direct
2026-08-04,kigali,Onomo Hotel Kigali,126.0,2026-09-03,2,"onomohotels.com booking engine, checked 4 Aug 2026 by OG (EA Pulse)","Site quoted total for 2 nights / 2 adults; /2 to per-room per night. Collector basis note: ""(blank)"".",UNK,international,direct
2026-08-04,kigali,Park Inn by Radisson Kigali,146.63,2026-09-03,2,"radissonhotels.com booking engine, checked 4 Aug 2026 by OG (EA Pulse)","[CORRECTED 2026-08-10: prior ~2x inflated vs verified market (~$94-147/night); halved 293.26->146.63 to true per-room per-night.] Converted from EUR at FX 2 Aug 2026: 128.96 KES/USD, 2,638.52 TZS/USD, 1.1522 EUR/USD. Site quoted total for 2 nights / 2 adults; /2 to per-room per night. Collector basis note: ""BB"".",BB,international,direct
2026-08-04,kigali,Radisson Blu Hotel & Convention Centre Kigali,206.38,2026-09-03,2,"radissonhotels.com booking engine, checked 4 Aug 2026 by OG (EA Pulse)","CORRECTION (verified 2026-08-17, OG sign-off): value was a 2-night stay total mis-stored as per-night; divided by LOS 2 to per-night. Original=412.75 (2-night).",BB,international,direct
2026-08-04,kigali,The Retreat by Heaven,224.0,2026-09-03,2,"heavenrwanda.com booking engine, checked 4 Aug 2026 by OG (EA Pulse)","[CORRECTED 2026-08-10: per-person x2 on per-room city rate; halved 448.0->224.0 to true per-room per-night.] Site quoted per person per night; x2 to per-double-room per night. Collector basis note: ""per person per night"".",UNK,international,direct
2026-08-04,kigali,Ubumwe Grande,240.0,2026-09-03,2,"https://reservations.ubumwegrandehotel.com/114531?_gl=1*ijo7zi*&adults=2&datein=09/03/2026&dateout=09/05/2026&domain=www.ubumwegrandehotel.com&languageid=1&rooms=1#/accommodation/room booking engine, checked 4 Aug 2026 by OG (EA Pulse)","Site quoted total for 2 nights / 2 adults; /2 to per-room per night. Collector basis note: ""(blank)"".",UNK,international,direct
2026-08-04,safari,Four Seasons Safari Lodge Serengeti,2116.5,2026-09-03,2,"fourseasons.com booking engine, checked 4 Aug 2026 by OG (EA Pulse)","Site quoted total for 2 nights / 2 adults; /2 to per-room per night. Collector basis note: ""(blank)"".",UNK,international,direct
2026-08-04,safari,Mwiba Lodge,5240.0,2026-09-03,2,"mwibalodge.com booking engine, checked 4 Aug 2026 by OG (EA Pulse)","Site quoted per person per night; x2 to per-double-room per night. Collector basis note: ""per person per night"".",UNK,international,direct
2026-08-04,safari,One Nature Nyaruswigwa,5280.0,2026-09-03,2,"onenaturehotels.com booking engine, checked 4 Aug 2026 by OG (EA Pulse)","Site quoted total for 2 nights / 2 adults; /2 to per-room per night. Collector basis note: ""(blank)"".",UNK,international,direct
2026-08-04,safari,Sayari Tented Camp,6449.0,2026-09-03,2,"asiliaafrica.com booking engine, checked 4 Aug 2026 by OG (EA Pulse)","Site quoted total for 2 nights / 2 adults; /2 to per-room per night. Collector basis note: ""(blank)"".",UNK,international,direct
2026-08-04,safari,Serengeti Bushtops,4320.0,2026-09-03,2,"bushtops.com booking engine, checked 4 Aug 2026 by OG (EA Pulse)","Site quoted per person per night; x2 to per-double-room per night. Collector basis note: ""per person per night(Shared)"".",UNK,international,direct
2026-08-04,safari,Singita Faru Faru Lodge,5590.0,2026-09-03,2,"singita.com booking engine, checked 4 Aug 2026 by OG (EA Pulse)","Site quoted per person per night; x2 to per-double-room per night. Collector basis note: ""per person per night"".",UNK,international,direct
2026-08-04,safari,Singita Sasakwa Lodge,6320.0,2026-09-03,2,"singita.com booking engine, checked 4 Aug 2026 by OG (EA Pulse)","Site quoted per person per night; x2 to per-double-room per night. Collector basis note: ""per person per night"".",UNK,international,direct
2026-08-04,safari,andBeyond Grumeti Serengeti,5040.0,2026-09-03,2,"andbeyond.com booking engine, checked 4 Aug 2026 by OG (EA Pulse)","Site quoted per person per night; x2 to per-double-room per night. Collector basis note: ""per person per night sharing"".",UNK,international,direct
2026-08-04,dar_arusha,Dar es Salaam Serena Hotel,210.8,2026-09-03,2,"serenahotels.com booking engine, checked 4 Aug 2026 by OG (EA Pulse)","Site quoted total for 2 nights / 2 adults; /2 to per-room per night. Collector basis note: ""(blank)"".",UNK,international,direct
2026-08-04,dar_arusha,Gran Melia Arusha,394.05,2026-09-03,2,"melia.com booking engine, checked 4 Aug 2026 by OG (EA Pulse)","Converted from EUR at FX 2 Aug 2026: 128.96 KES/USD, 2,638.52 TZS/USD, 1.1522 EUR/USD. Site quoted total for 2 nights / 2 adults; /2 to per-room per night. Collector basis note: ""(blank)"".",UNK,international,direct
2026-08-04,dar_arusha,Hyatt Regency Dar es Salaam,269.58,2026-09-03,2,"hyatt.com booking engine, checked 4 Aug 2026 by OG (EA Pulse)","Converted from TZS at FX 2 Aug 2026: 128.96 KES/USD, 2,638.52 TZS/USD, 1.1522 EUR/USD. Site quoted total for 2 nights / 2 adults; /2 to per-room per night. Collector basis note: ""(blank)"".",UNK,international,direct
2026-08-04,dar_arusha,Johari Rotana,194.0,2026-09-03,2,"rotana.com booking engine, checked 4 Aug 2026 by OG (EA Pulse)","[CORRECTED 2026-08-10: per-person x2 on per-room city rate; halved 388.0->194.0 to true per-room per-night.] Site quoted per person per night; x2 to per-double-room per night. Collector basis note: ""per person per night"".",UNK,international,direct
2026-08-04,dar_arusha,Protea Hotel Dar es Salaam Courtyard,158.1,2026-09-03,2,"marriott.com booking engine, checked 4 Aug 2026 by OG (EA Pulse)","CORRECTION (verified 2026-08-17, OG sign-off): value was a 2-night stay total mis-stored as per-night; divided by LOS 2 to per-night. Original=316.2 (2-night).",UNK,international,direct
2026-08-04,dar_arusha,Sea Cliff Hotel,217.49,2026-09-03,2,"seacliff-tanzania.com booking engine, checked 4 Aug 2026 by OG (EA Pulse)","Converted from TZS at FX 2 Aug 2026: 128.96 KES/USD, 2,638.52 TZS/USD, 1.1522 EUR/USD. Site quoted total for 2 nights / 2 adults; /2 to per-room per night. Collector basis note: ""(blank)"".",UNK,international,direct
2026-08-04,lakevictoria,Imperial Resort Beach Entebbe,170.0,2026-09-03,2,"https://www.imperialhotels.co.ug/ImperialResortBeachHotel booking engine, checked 4 Aug 2026 by OG (EA Pulse)","Site quoted total for 2 nights / 2 adults; /2 to per-room per night. Collector basis note: ""(blank)"".",UNK,international,direct
2026-08-04,lakevictoria,Lake Victoria Serena Golf Resort,304.3,2026-09-03,2,"serenahotels.com booking engine, checked 4 Aug 2026 by OG (EA Pulse)","Site quoted total for 2 nights / 2 adults; /2 to per-room per night. Collector basis note: ""(blank)"".",UNK,international,direct
2026-08-04,lakevictoria,Lutembe Beach Resort,80.0,2026-09-03,2,"direct site booking engine, checked 4 Aug 2026 by OG (EA Pulse)","Site quoted per person per night; x2 to per-double-room per night. Collector basis note: ""Per person per night"".",UNK,international,direct
2026-08-04,lakevictoria,Pineapple Bay Resort,600.0,2026-09-03,2,"pineapplebayuganda.com booking engine, checked 4 Aug 2026 by OG (EA Pulse)","Site quoted total for 2 nights / 2 adults; /2 to per-room per night. Collector basis note: ""(blank)"".",UNK,international,direct
2026-08-04,lakevictoria,Protea Hotel by Marriott Entebbe,296.5,2026-09-03,2,"marriott.com booking engine, checked 4 Aug 2026 by OG (EA Pulse)","Site quoted total for 2 nights / 2 adults; /2 to per-room per night. Collector basis note: ""(blank)"".",UNK,international,direct
2026-08-04,kampala,Speke Resort Munyonyo,182.0,2026-09-03,2,"spekeresort.com booking engine, checked 4 Aug 2026 by OG (EA Pulse)","Site quoted total for 2 nights / 2 adults; /2 to per-room per night. Collector basis note: ""(blank)"".",UNK,international,direct
2026-08-04,lakevictoria,Wildwaters Lodge,1000.0,2026-09-03,2,"wildwaterslodge.com booking engine, checked 4 Aug 2026 by OG (EA Pulse)","Site quoted per person per night; x2 to per-double-room per night. Collector basis note: ""per person sharing per day"".",UNK,international,direct
2026-08-04,bwindi,Buhoma Lodge,760.0,2026-09-03,2,"buhomalodge.com booking engine, checked 4 Aug 2026 by OG (EA Pulse)","Site quoted per person per night; x2 to per-double-room per night. Collector basis note: ""per person sharing per day"".",UNK,international,direct
2026-08-04,bwindi,Bwindi Lodge,3010.0,2026-09-03,2,"volcanoes-safaris.com booking engine, checked 4 Aug 2026 by OG (EA Pulse)","Site quoted per person per night; x2 to per-double-room per night. Collector basis note: ""per person sharing"".",UNK,international,direct
2026-08-04,bwindi,Clouds Mountain Gorilla Lodge,2900.0,2026-09-03,2,"wildplacesafrica.com booking engine, checked 4 Aug 2026 by OG (EA Pulse)","Site quoted per person per night; x2 to per-double-room per night. Collector basis note: ""Per person per night"".",UNK,international,direct
2026-08-04,bwindi,Engagi Lodge,560.0,2026-09-03,2,"engagilodge.com booking engine, checked 4 Aug 2026 by OG (EA Pulse)","Site quoted per person per night; x2 to per-double-room per night. Collector basis note: ""Per person per night"".",UNK,international,direct
2026-08-04,bwindi,Erebero Hills (Asilia),4000.0,2026-09-03,2,"asiliaafrica.com booking engine, checked 4 Aug 2026 by OG (EA Pulse)","Site quoted per person per night; x2 to per-double-room per night. Collector basis note: ""Per person per night"".",UNK,international,direct
2026-08-04,bwindi,Kyambura Gorge Lodge,3290.0,2026-09-03,2,"volcanoes-safaris.com booking engine, checked 4 Aug 2026 by OG (EA Pulse)","Site quoted per person per night; x2 to per-double-room per night. Collector basis note: ""Per person per night"".",UNK,international,direct
2026-08-04,bwindi,Mahogany Springs Lodge,840.0,2026-09-03,2,"mahoganysprings.com booking engine, checked 4 Aug 2026 by OG (EA Pulse)","Site quoted per person per night; x2 to per-double-room per night. Collector basis note: ""Per person per night"".",UNK,international,direct
2026-08-04,bwindi,Nkuringo Bwindi Gorilla Lodge,890.0,2026-09-03,2,"nkuringo.com booking engine, checked 4 Aug 2026 by OG (EA Pulse)","Site quoted per person per night; x2 to per-double-room per night. Collector basis note: ""Per person per night"".",UNK,international,direct
2026-08-04,bwindi,Primate Lodge Kibale,940.0,2026-09-03,2,"primate-lodge.com booking engine, checked 4 Aug 2026 by OG (EA Pulse)","Site quoted per person per night; x2 to per-double-room per night. Collector basis note: ""Per person per night"".",UNK,international,direct
2026-08-04,bwindi,Sanctuary Gorilla Forest Camp,2600.0,2026-09-03,2,"sanctuaryretreats.com booking engine, checked 4 Aug 2026 by OG (EA Pulse)","Site quoted per person per night; x2 to per-double-room per night. Collector basis note: ""Per Person Sharing"".",UNK,international,direct
2026-08-04,kampala,Four Points by Sheraton Kampala,152.5,2026-09-03,2,"marriott.com booking engine, checked 4 Aug 2026 by OG (EA Pulse)","Site quoted total for 2 nights / 2 adults; /2 to per-room per night. Collector basis note: ""BB"".",BB,international,direct
2026-08-04,kampala,Golden Tulip Canaan Kampala,154.94,2026-09-03,2,"goldentulip.com booking engine, checked 4 Aug 2026 by OG (EA Pulse)","Site quoted total for 2 nights / 2 adults; /2 to per-room per night. Collector basis note: ""BB"".",BB,international,direct
2026-08-04,kampala,Hilton Garden Inn Kampala,124.8,2026-09-03,2,"hilton.com booking engine, checked 4 Aug 2026 by OG (EA Pulse)","Site quoted total for 2 nights / 2 adults; /2 to per-room per night. Collector basis note: ""BB"".",BB,international,direct
2026-08-04,kampala,Kabira Country Club,140.0,2026-09-03,2,"kabiracountryclub.com booking engine, checked 4 Aug 2026 by OG (EA Pulse)","Site quoted total for 2 nights / 2 adults; /2 to per-room per night. Collector basis note: ""BB"".",BB,international,direct
2026-08-04,kampala,Kampala Serena,255.0,2026-09-03,2,"serenahotels.com booking engine, checked 4 Aug 2026 by OG (EA Pulse)","Site quoted total for 2 nights / 2 adults; /2 to per-room per night. Collector basis note: ""BB"".",BB,international,direct
2026-08-04,kampala,Latitude 0 Degrees,176.0,2026-09-03,2,"latitude0degrees.com booking engine, checked 4 Aug 2026 by OG (EA Pulse)","Site quoted total for 2 nights / 2 adults; /2 to per-room per night. Collector basis note: ""BB"".",BB,international,direct
2026-08-04,kampala,Pearl of Africa Hotel,250.0,2026-09-03,2,"pearlofafricahotel.com booking engine, checked 4 Aug 2026 by OG (EA Pulse)","Site quoted total for 2 nights / 2 adults; /2 to per-room per night. Collector basis note: ""BB"".",BB,international,direct
2026-08-04,kampala,Sheraton Kampala,270.0,2026-09-03,2,"marriott.com booking engine, checked 4 Aug 2026 by OG (EA Pulse)","Site quoted total for 2 nights / 2 adults; /2 to per-room per night. Collector basis note: ""BB"".",BB,international,direct
2026-08-04,zanzibar,Baraza Resort & Spa,1412.6,2026-09-03,2,"baraza.co.tz booking engine, checked 4 Aug 2026 by OG (EA Pulse)","Converted from EUR at FX 2 Aug 2026: 128.96 KES/USD, 2,638.52 TZS/USD, 1.1522 EUR/USD. Site quoted total for 2 nights / 2 adults; /2 to per-room per night. Collector basis note: ""AI"".",AI,international,direct
2026-08-04,zanzibar,Breezes Beach Club & Spa,470.1,2026-09-03,2,"breezeszanzibar.com booking engine, checked 4 Aug 2026 by OG (EA Pulse)","Converted from EUR at FX 2 Aug 2026: 128.96 KES/USD, 2,638.52 TZS/USD, 1.1522 EUR/USD. Site quoted total for 2 nights / 2 adults; /2 to per-room per night. Collector basis note: ""HB"".",HB,international,direct
2026-08-04,zanzibar,Essque Zalu Zanzibar,220.0,2026-09-03,2,"essquezalu.com booking engine, checked 4 Aug 2026 by OG (EA Pulse)","Site quoted total for 2 nights / 2 adults; /2 to per-room per night. Collector basis note: ""(blank)"".",UNK,international,direct
2026-08-04,zanzibar,Kilindi Zanzibar,1370.0,2026-09-03,2,"kilindizanzibar.com booking engine, checked 4 Aug 2026 by OG (EA Pulse)","Site quoted total for 2 nights / 2 adults; /2 to per-room per night. Collector basis note: ""AI"".",AI,international,direct
2026-08-04,zanzibar,Melia Zanzibar,395.78,2026-09-03,2,"melia.com booking engine, checked 4 Aug 2026 by OG (EA Pulse)","Converted from EUR at FX 2 Aug 2026: 128.96 KES/USD, 2,638.52 TZS/USD, 1.1522 EUR/USD. Site quoted total for 2 nights / 2 adults; /2 to per-room per night. Collector basis note: ""AI"".",AI,international,direct
2026-08-04,zanzibar,Mnemba Island Lodge,6000.0,2026-09-03,2,"https://www.andbeyond.com/lodge-editorial/mnemba-island/accommodation/ booking engine, checked 4 Aug 2026 by OG (EA Pulse)","Site quoted per person per night; x2 to per-double-room per night. Collector basis note: ""AI,Per person per night"".",AI,international,direct
2026-08-04,zanzibar,The Residence Zanzibar,487.0,2026-09-03,2,"theresidence.com booking engine, checked 4 Aug 2026 by OG (EA Pulse)","Site quoted total for 2 nights / 2 adults; /2 to per-room per night. Collector basis note: ""HB"".",HB,international,direct
2026-08-04,zanzibar,White Sand Luxury Villas,800.0,2026-09-03,2,"whitesandvillas.com booking engine, checked 4 Aug 2026 by OG (EA Pulse)","Site quoted total for 2 nights / 2 adults; /2 to per-room per night. Collector basis note: ""HB"".",HB,international,direct
2026-08-04,zanzibar,Zuri Zanzibar,1160.0,2026-09-03,2,"zurizanzibar.com booking engine, checked 4 Aug 2026 by OG (EA Pulse)","Site quoted total for 2 nights / 2 adults; /2 to per-room per night. Collector basis note: ""BAR"".",UNK,international,direct
2026-08-03,nairobi,Hemingways Nairobi,1063,2026-09-02,2,"Google Hotels via SerpApi, 2026-08-03","Matched 'Hemingways Nairobi' (similarity 1.00); lowest displayed nightly rate, inclusions not stated by Google.",UNK,international,ota
2026-08-03,nairobi,Ole Sereni,151,2026-09-02,2,"Google Hotels via SerpApi, 2026-08-03","Matched 'Ole-Sereni' (similarity 1.00); lowest displayed nightly rate, inclusions not stated by Google.",UNK,international,ota
2026-08-03,nairobi,Nairobi Serena Hotel,236,2026-09-02,2,"Google Hotels via SerpApi, 2026-08-03","Matched 'Nairobi Serena Hotel' (similarity 1.00); lowest displayed nightly rate, inclusions not stated by Google.",UNK,international,ota
2026-08-03,nairobi,JW Marriott Nairobi,300,2026-09-02,2,"Google Hotels via SerpApi, 2026-08-03","Matched 'JW Marriott Hotel Nairobi' (similarity 0.86); lowest displayed nightly rate, inclusions not stated by Google.",UNK,international,ota
2026-08-04,nairobi,Radisson Blu Nairobi,222,2026-09-03,2,"Google Hotels via SerpApi, 2026-08-04","Matched 'Radisson Blu Hotel, Nairobi Upper Hill' (similarity 0.70); lowest displayed nightly rate, inclusions not stated by Google.",UNK,international,ota
2026-08-05,coast,AfroChic Diani Beach,530,2026-09-04,2,"uyaphi.com trade rate sheet (Elewana AfroChic), 5 Aug 2026","Published from-rate US$265 pp/night sharing, BB (accommodation+breakfast+service+levy+VAT; lunches/dinners/drinks/activities excluded); doubled for 2 adults standard double. Lead-in garden room.",BB,international,direct
2026-08-05,nairobi,Best Western Plus Westlands,59,2026-09-04,2,"Google Hotels via SerpApi, 2026-08-05","Matched 'Best Western Plus Meridian Hotel' (similarity 0.71); lowest displayed nightly rate, inclusions not stated by Google.",UNK,international,ota
2026-08-06,nairobi,Fairview Hotel Nairobi,208,2026-09-05,2,"Google Hotels via SerpApi, 2026-08-06","Matched 'Fairview Apartments' (similarity 0.59); lowest displayed nightly rate, inclusions not stated by Google.",UNK,international,ota
2026-08-06,nairobi,Four Points by Sheraton Nairobi,220,2026-09-05,2,"Google Hotels via SerpApi, 2026-08-06","Matched 'Four Points by Sheraton Nairobi Airport' (similarity 0.89); lowest displayed nightly rate, inclusions not stated by Google.",UNK,international,ota
2026-08-07,coast,Serena Beach Resort & Spa,209,2026-09-06,2,"Google Hotels via SerpApi, 2026-08-07","Matched 'Serena Beach Resort & Spa' (similarity 1.00); lowest displayed nightly rate, inclusions not stated by Google.",UNK,international,ota
2026-08-10,coast,Almanara Diani,707,2026-09-09,2,"theholidaydealers.com published Almanara Luxury Resort Diani rate sheet (modified 13 Jun 2026), accessed 10 Aug 2026","Lead-in Boutique Hotel Deluxe Ocean View Room, 1 Sep-19 Dec 2026 season (stay ~9 Sep), Full Board incl. water/soft drinks/beer/house wines (excl. spirits/champagne/premium wines). KES 45,600 PPS x2 = KES 91,200/double/night; converted at 129.0 KES/USD (consistent w/ CBK indicative ~128.96 on 2 Aug 2026). Rate sheet states prices apply to residents AND non-residents.",FB,international,direct
2026-08-10,coast,Almanara Luxury Villas,980.0,2026-09-09,2,"almanara.co.ke direct booking engine (manual read), OG (EA Pulse) WK33 sheet, 10 Aug 2026",2-night total US$1960 for 2 adults (stay 9-11 Sep 2026); /2 to per-night per-room US$980.0. [BASIS CHANGED vs prior week FB->BB — flagged],BB,international,direct
2026-08-10,coast,Baobab Beach Resort,268.5,2026-09-09,2,"baobab-beach.com direct booking engine (manual read), OG (EA Pulse) WK33 sheet, 10 Aug 2026",2-night total US$537 for 2 adults (stay 9-11 Sep 2026); /2 to per-night per-room US$268.5.,BB,international,direct
2026-08-10,coast,Baobab Beach Resort,336.0,2026-09-09,2,"Booking.com (manual read), OG (EA Pulse) WK33 sheet, 10 Aug 2026","2-night total US$672 for 2 adults (stay 9-11 Sep 2026); /2 to per-night per-room US$336.0. OTA lowest displayed, inclusions not stated.",UNK,international,ota
2026-08-10,coast,Coral Cove Resort,243.0,2026-09-09,2,"coralcoveltd.com direct booking engine (manual read), OG (EA Pulse) WK33 sheet, 10 Aug 2026",2-night total US$486 for 2 adults (stay 9-11 Sep 2026); /2 to per-night per-room US$243.0.,BB,international,direct
2026-08-10,coast,Diamonds Leisure Beach & Golf Resort,263.34,2026-09-09,2,"diamondsleisure.com direct booking engine (manual read), OG (EA Pulse) WK33 sheet, 10 Aug 2026","2-night total US$526.68 for 2 adults (stay 9-11 Sep 2026); /2 to per-night per-room US$263.34.; why-no-rate note: No availability on booking.com and the hotel on those dates, The rate is for 11sept multiplied by 2 nights asuming there was availability on 12th",BB,international,direct
2026-08-10,coast,Diamonds Leisure Beach & Golf Resort,339.0,2026-09-09,2,"Booking.com (manual read), OG (EA Pulse) WK33 sheet, 10 Aug 2026","2-night total US$678 for 2 adults (stay 9-11 Sep 2026); /2 to per-night per-room US$339.0. OTA lowest displayed, inclusions not stated.; why-no-rate note: No availability on booking.com and the hotel on those dates, The rate is for 11sept multiplied by 2 nights asuming there was availability on 12th",UNK,international,ota
2026-08-10,coast,Diani Reef Beach Resort,201.0,2026-09-09,2,"dianireef.com direct booking engine (manual read), OG (EA Pulse) WK33 sheet, 10 Aug 2026",2-night total US$402 for 2 adults (stay 9-11 Sep 2026); /2 to per-night per-room US$201.0.,BB,international,direct
2026-08-10,coast,Diani Reef Beach Resort,218.0,2026-09-09,2,"Booking.com (manual read), OG (EA Pulse) WK33 sheet, 10 Aug 2026","2-night total US$436 for 2 adults (stay 9-11 Sep 2026); /2 to per-night per-room US$218.0. OTA lowest displayed, inclusions not stated.",UNK,international,ota
2026-08-10,coast,Jacaranda Indian Ocean Beach Resort,151.0,2026-09-09,2,"jacarandahotels.com direct booking engine (manual read), OG (EA Pulse) WK33 sheet, 10 Aug 2026","2-night total US$302 for 2 adults (stay 9-11 Sep 2026); /2 to per-night per-room US$151.0.; why-no-rate note: No availalability, those are rates for 13th September",BB,international,direct
2026-08-10,coast,Jacaranda Indian Ocean Beach Resort,153.0,2026-09-09,2,"Booking.com (manual read), OG (EA Pulse) WK33 sheet, 10 Aug 2026","2-night total US$306 for 2 adults (stay 9-11 Sep 2026); /2 to per-night per-room US$153.0. OTA lowest displayed, inclusions not stated.; why-no-rate note: No availalability, those are rates for 13th September",UNK,international,ota
2026-08-10,coast,Leopard Beach Resort,211.5,2026-09-09,2,"leopardbeachresort.com direct booking engine (manual read), OG (EA Pulse) WK33 sheet, 10 Aug 2026",2-night total US$423 for 2 adults (stay 9-11 Sep 2026); /2 to per-night per-room US$211.5. [basis reused from prior week: BB],BB,international,direct
2026-08-10,coast,Leopard Beach Resort,180.0,2026-09-09,2,"Booking.com (manual read), OG (EA Pulse) WK33 sheet, 10 Aug 2026","2-night total US$360 for 2 adults (stay 9-11 Sep 2026); /2 to per-night per-room US$180.0. OTA lowest displayed, inclusions not stated.",UNK,international,ota
2026-08-10,coast,Swahili Beach,289.8,2026-09-09,2,"swahilibeach.com direct booking engine (manual read), OG (EA Pulse) WK33 sheet, 10 Aug 2026",2-night total US$579.6 for 2 adults (stay 9-11 Sep 2026); /2 to per-night per-room US$289.8. [basis reused from prior week: BB],BB,international,direct
2026-08-10,coast,The Sands at Nomad,430.0,2026-09-09,2,"thesandsatnomad.com direct booking engine (manual read), OG (EA Pulse) WK33 sheet, 10 Aug 2026","2-night total US$860 for 2 adults (stay 9-11 Sep 2026); /2 to per-night per-room US$430.0. [basis inferred: beach lead-in=BB, collector left blank]",BB,international,direct
2026-08-10,coast,The Sands at Nomad,436.0,2026-09-09,2,"Booking.com (manual read), OG (EA Pulse) WK33 sheet, 10 Aug 2026","2-night total US$872 for 2 adults (stay 9-11 Sep 2026); /2 to per-night per-room US$436.0. OTA lowest displayed, inclusions not stated.",UNK,international,ota
2026-08-10,safari,Angama Mara,5500.0,2026-09-09,2,"angama.com direct booking engine (manual read), OG (EA Pulse) WK33 sheet, 10 Aug 2026",2-night total US$11000 for 2 adults (stay 9-11 Sep 2026); /2 to per-night per-room US$5500.0. [basis reused from prior week: FB],FB,international,direct
2026-08-10,safari,Cottar's 1920s Safari Camp,4400.0,2026-09-09,2,"cottars.com direct booking engine (manual read), OG (EA Pulse) WK33 sheet, 10 Aug 2026",2-night total US$8800 for 2 adults (stay 9-11 Sep 2026); /2 to per-night per-room US$4400.0. [basis reused from prior week: FB],FB,international,direct
2026-08-10,safari,Governors' Camp,1996.0,2026-09-09,2,"governorscamp.com direct booking engine (manual read), OG (EA Pulse) WK33 sheet, 10 Aug 2026",2-night total US$3992 for 2 adults (stay 9-11 Sep 2026); /2 to per-night per-room US$1996.0. [basis reused from prior week: FB],FB,international,direct
2026-08-10,safari,JW Marriott Masai Mara Lodge,4199.0,2026-09-09,2,"marriott.com direct booking engine (manual read), OG (EA Pulse) WK33 sheet, 10 Aug 2026","2-night total US$8398 for 2 adults (stay 9-11 Sep 2026); /2 to per-night per-room US$4199.0. [basis reused from prior week: AI]; why-no-rate note: No availability, that is the rate from 12th for 2 nights",AI,international,direct
2026-08-10,safari,Mahali Mzuri,5200.0,2026-09-09,2,"virginlimitededition.com direct booking engine (manual read), OG (EA Pulse) WK33 sheet, 10 Aug 2026",2-night total US$10400 for 2 adults (stay 9-11 Sep 2026); /2 to per-night per-room US$5200.0. [basis reused from prior week: AI],AI,international,direct
2026-08-10,safari,Mara Plains Camp,3490.0,2026-09-09,2,"https://greatplainsconservation.com/mara-plains-luxury-safari-camp-in-kenya/ direct booking engine (manual read), OG (EA Pulse) WK33 sheet, 10 Aug 2026",2-night total US$6980 for 2 adults (stay 9-11 Sep 2026); /2 to per-night per-room US$3490.0. [basis reused from prior week: AI],AI,international,direct
2026-08-10,safari,Mara Serena Safari Lodge,890.0,2026-09-09,2,"https://www.serenahotels.com/mara/?gad_source=1&gad_campaignid=23415804220&gbraid=0AAAAAClpbhuysLtvvgpvrMDyZljtWMoiD&gclid=Cj0KCQjw-MDTBhCgARIsAKAkdlRqL_Rti0nK1GVYo5v7n9HBClGMVqBTn-mEYWfK0tccWMrf7sQTpiEaAuhpEALw_wcB direct booking engine (manual read), OG (EA Pulse) WK33 sheet, 10 Aug 2026","2-night total US$1780 for 2 adults (stay 9-11 Sep 2026); /2 to per-night per-room US$890.0. [basis reused from prior week: FB]; why-no-rate note: No availability, that is the rate from 12th for 2 nights",FB,international,direct
2026-08-10,safari,Olare Mara Kempinski,1941.0,2026-09-09,2,"kempinski.com direct booking engine (manual read), OG (EA Pulse) WK33 sheet, 10 Aug 2026",2-night total US$3882 for 2 adults (stay 9-11 Sep 2026); /2 to per-night per-room US$1941.0. [basis reused from prior week: AI]; why-no-rate note: No availability on 8th,AI,international,direct
2026-08-10,safari,Sanctuary Olonana,4900.0,2026-09-09,2,"https://www.abercrombiekent.com/stays/safari-lodges/olonana-lodge#journey-dates-prices direct booking engine (manual read), OG (EA Pulse) WK33 sheet, 10 Aug 2026",2-night total US$9800 for 2 adults (stay 9-11 Sep 2026); /2 to per-night per-room US$4900.0. [basis reused from prior week: AI],AI,international,direct
2026-08-10,safari,andBeyond Bateleur Camp,5190.0,2026-09-09,2,"andbeyond.com direct booking engine (manual read), OG (EA Pulse) WK33 sheet, 10 Aug 2026",2-night total US$10380 for 2 adults (stay 9-11 Sep 2026); /2 to per-night per-room US$5190.0. [basis reused from prior week: AI],AI,international,direct
2026-08-10,nairobi,Best Western Plus Westlands,132.43,2026-09-09,2,"bestwestern.com direct booking engine (manual read), OG (EA Pulse) WK33 sheet, 10 Aug 2026",2-night total US$264.86 for 2 adults (stay 9-11 Sep 2026); /2 to per-night per-room US$132.43. [basis reused from prior week: BB],BB,international,direct
2026-08-10,nairobi,Best Western Plus Westlands,136.5,2026-09-09,2,"Booking.com (manual read), OG (EA Pulse) WK33 sheet, 10 Aug 2026","2-night total US$273 for 2 adults (stay 9-11 Sep 2026); /2 to per-night per-room US$136.5. OTA lowest displayed, inclusions not stated.",UNK,international,ota
2026-08-10,nairobi,Crowne Plaza Nairobi Airport,170.87,2026-09-09,2,"ihg.com direct booking engine (manual read), OG (EA Pulse) WK33 sheet, 10 Aug 2026","2-night total US$341.74 for 2 adults (stay 9-11 Sep 2026); /2 to per-night per-room US$170.87. [basis reused from prior week: BB]; why-no-rate note: No availability,Rates from 12th",BB,international,direct
2026-08-10,nairobi,Crowne Plaza Nairobi Airport,167.0,2026-09-09,2,"Booking.com (manual read), OG (EA Pulse) WK33 sheet, 10 Aug 2026","2-night total US$334 for 2 adults (stay 9-11 Sep 2026); /2 to per-night per-room US$167.0. OTA lowest displayed, inclusions not stated.; why-no-rate note: No availability,Rates from 12th",UNK,international,ota
2026-08-10,nairobi,Fairview Hotel Nairobi,153.0,2026-09-09,2,"fairviewkenya.com direct booking engine (manual read), OG (EA Pulse) WK33 sheet, 10 Aug 2026",2-night total US$306 for 2 adults (stay 9-11 Sep 2026); /2 to per-night per-room US$153.0. [basis reused from prior week: BB],BB,international,direct
2026-08-10,nairobi,Fairview Hotel Nairobi,231.5,2026-09-09,2,"Booking.com (manual read), OG (EA Pulse) WK33 sheet, 10 Aug 2026","2-night total US$463 for 2 adults (stay 9-11 Sep 2026); /2 to per-night per-room US$231.5. OTA lowest displayed, inclusions not stated.",UNK,international,ota
2026-08-10,nairobi,Four Points by Sheraton Nairobi,272.0,2026-09-09,2,"marriott.com direct booking engine (manual read), OG (EA Pulse) WK33 sheet, 10 Aug 2026","2-night total US$544 for 2 adults (stay 9-11 Sep 2026); /2 to per-night per-room US$272.0. [basis reused from prior week: BB]; why-no-rate note: No availability,Rates from 12th",BB,international,direct
2026-08-10,nairobi,Four Points by Sheraton Nairobi,312.0,2026-09-09,2,"Booking.com (manual read), OG (EA Pulse) WK33 sheet, 10 Aug 2026","2-night total US$624 for 2 adults (stay 9-11 Sep 2026); /2 to per-night per-room US$312.0. OTA lowest displayed, inclusions not stated.; why-no-rate note: No availability,Rates from 12th",UNK,international,ota
2026-08-10,nairobi,JW Marriott Nairobi,311.5,2026-09-09,2,"marriott.com direct booking engine (manual read), OG (EA Pulse) WK33 sheet, 10 Aug 2026",2-night total US$623 for 2 adults (stay 9-11 Sep 2026); /2 to per-night per-room US$311.5. [basis reused from prior week: BB],BB,international,direct
2026-08-10,nairobi,JW Marriott Nairobi,322.5,2026-09-09,2,"Booking.com (manual read), OG (EA Pulse) WK33 sheet, 10 Aug 2026","2-night total US$645 for 2 adults (stay 9-11 Sep 2026); /2 to per-night per-room US$322.5. OTA lowest displayed, inclusions not stated.",UNK,international,ota
2026-08-10,nairobi,Nairobi Serena Hotel,200.0,2026-09-09,2,"serenahotels.com direct booking engine (manual read), OG (EA Pulse) WK33 sheet, 10 Aug 2026",2-night total US$400 for 2 adults (stay 9-11 Sep 2026); /2 to per-night per-room US$200.0. [basis reused from prior week: BB],BB,international,direct
2026-08-10,nairobi,Nairobi Serena Hotel,180.0,2026-09-09,2,"Booking.com (manual read), OG (EA Pulse) WK33 sheet, 10 Aug 2026","2-night total US$360 for 2 adults (stay 9-11 Sep 2026); /2 to per-night per-room US$180.0. OTA lowest displayed, inclusions not stated.",UNK,international,ota
2026-08-10,nairobi,Radisson Blu Nairobi,774.5,2026-09-09,2,"Booking.com (manual read), OG (EA Pulse) WK33 sheet, 10 Aug 2026","2-night total US$1549 for 2 adults (stay 9-11 Sep 2026); /2 to per-night per-room US$774.5. OTA lowest displayed, inclusions not stated.",UNK,international,ota
2026-08-10,nairobi,Sarova Stanley,235.0,2026-09-09,2,"sarovahotels.com direct booking engine (manual read), OG (EA Pulse) WK33 sheet, 10 Aug 2026",2-night total US$470 for 2 adults (stay 9-11 Sep 2026); /2 to per-night per-room US$235.0. [basis reused from prior week: BB],BB,international,direct
2026-08-10,nairobi,Sarova Stanley,194.5,2026-09-09,2,"Booking.com (manual read), OG (EA Pulse) WK33 sheet, 10 Aug 2026","2-night total US$389 for 2 adults (stay 9-11 Sep 2026); /2 to per-night per-room US$194.5. OTA lowest displayed, inclusions not stated.",UNK,international,ota
2026-08-10,nairobi,The Boma Hotel,149.5,2026-09-09,2,"thebomahotel.com direct booking engine (manual read), OG (EA Pulse) WK33 sheet, 10 Aug 2026",2-night total US$299 for 2 adults (stay 9-11 Sep 2026); /2 to per-night per-room US$149.5. [basis reused from prior week: BB]; why-no-rate note: No availabilit on booking.com,BB,international,direct
2026-08-10,nairobi,Villa Rosa Kempinski,187.43,2026-09-09,2,"kempinski.com direct booking engine (manual read), OG (EA Pulse) WK33 sheet, 10 Aug 2026",2-night total US$374.86 for 2 adults (stay 9-11 Sep 2026); /2 to per-night per-room US$187.43. [basis reused from prior week: BB],BB,international,direct
2026-08-10,nairobi,Villa Rosa Kempinski,248.0,2026-09-09,2,"Booking.com (manual read), OG (EA Pulse) WK33 sheet, 10 Aug 2026","2-night total US$496 for 2 adults (stay 9-11 Sep 2026); /2 to per-night per-room US$248.0. OTA lowest displayed, inclusions not stated.",UNK,international,ota
2026-08-10,lakekivu,Bethany Hotel Kibuye,78.5,2026-09-09,2,"Expedia.com (manual read), OG (EA Pulse) WK33 sheet, 10 Aug 2026","2-night total US$157 for 2 adults (stay 9-11 Sep 2026); /2 to per-night per-room US$78.5. OTA lowest displayed, inclusions not stated.",UNK,international,ota
2026-08-10,lakekivu,Cormoran Lodge,145.0,2026-09-09,2,"cormoranlodge.com direct booking engine (manual read), OG (EA Pulse) WK33 sheet, 10 Aug 2026",2-night total US$290 for 2 adults (stay 9-11 Sep 2026); /2 to per-night per-room US$145.0. [basis reused from prior week: BB],BB,international,direct
2026-08-10,lakekivu,Gorillas Lake Kivu Hotel,122.5,2026-09-09,2,"Booking.com (manual read), OG (EA Pulse) WK33 sheet, 10 Aug 2026","2-night total US$245 for 2 adults (stay 9-11 Sep 2026); /2 to per-night per-room US$122.5. OTA lowest displayed, inclusions not stated.",UNK,international,ota
2026-08-10,lakekivu,Home Saint Jean,70.0,2026-09-09,2,"Booking.com (manual read), OG (EA Pulse) WK33 sheet, 10 Aug 2026","2-night total US$140 for 2 adults (stay 9-11 Sep 2026); /2 to per-night per-room US$70.0. OTA lowest displayed, inclusions not stated.",UNK,international,ota
2026-08-10,lakekivu,Kibuye Guesthouse,190.5,2026-09-09,2,"Booking.com (manual read), OG (EA Pulse) WK33 sheet, 10 Aug 2026","2-night total US$381 for 2 adults (stay 9-11 Sep 2026); /2 to per-night per-room US$190.5. OTA lowest displayed, inclusions not stated.",UNK,international,ota
2026-08-10,lakekivu,Kivu Marina Bay Hotel,205.0,2026-09-09,2,"https://all.accor.com/booking/en/mantis/hotel/B6Y6?dateIn=2026-09-03&nights=2&compositions=2&stayplus=false&snu=false&accessibleRooms=false&hideWDR=false&productCode=null&hideHotelDetails=true&partner_id=Mantis&_gl=1*1gllo2r*_ga*MTk2MTI3ODk0Ni4xNzg1NzQ0MjQy*_ga_2J20SWCDG8*czE3ODU3NDQyNDIkbzEkZzAkdDE3ODU3NDQyNDIkajYwJGwwJGgw&basketId=3404e610-f8db-411e-87a9-5dfb8d4d82e4 direct booking engine (manual read), OG (EA Pulse) WK33 sheet, 10 Aug 2026",2-night total US$410 for 2 adults (stay 9-11 Sep 2026); /2 to per-night per-room US$205.0. [basis reused from prior week: BB],BB,international,direct
2026-08-10,lakekivu,Lake Kivu Serena Hotel,279.0,2026-09-09,2,"serenahotels.com direct booking engine (manual read), OG (EA Pulse) WK33 sheet, 10 Aug 2026","2-night total US$558 for 2 adults (stay 9-11 Sep 2026); /2 to per-night per-room US$279.0. [basis inferred: beach lead-in=BB, collector left blank]",BB,international,direct
2026-08-10,lakekivu,Lake Kivu Serena Hotel,279.0,2026-09-09,2,"Booking.com (manual read), OG (EA Pulse) WK33 sheet, 10 Aug 2026","2-night total US$558 for 2 adults (stay 9-11 Sep 2026); /2 to per-night per-room US$279.0. OTA lowest displayed, inclusions not stated.",UNK,international,ota
2026-08-10,lakekivu,Moriah Hill Resort,140.0,2026-09-09,2,"https://moriah-hill.com direct booking engine (manual read), OG (EA Pulse) WK33 sheet, 10 Aug 2026","2-night total US$280 for 2 adults (stay 9-11 Sep 2026); /2 to per-night per-room US$140.0. [basis inferred: beach lead-in=BB, collector left blank]",BB,international,direct
2026-08-10,lakekivu,Moriah Hill Resort,172.0,2026-09-09,2,"Booking.com (manual read), OG (EA Pulse) WK33 sheet, 10 Aug 2026","2-night total US$344 for 2 adults (stay 9-11 Sep 2026); /2 to per-night per-room US$172.0. OTA lowest displayed, inclusions not stated.",UNK,international,ota
2026-08-10,lakekivu,Palm Garden Resort,70.0,2026-09-09,2,"https://palmgardenlodge.com direct booking engine (manual read), OG (EA Pulse) WK33 sheet, 10 Aug 2026","2-night total US$140 for 2 adults (stay 9-11 Sep 2026); /2 to per-night per-room US$70.0. [basis inferred: beach lead-in=BB, collector left blank]",BB,international,direct
2026-08-10,lakekivu,Palm Garden Resort,59.5,2026-09-09,2,"Booking.com (manual read), OG (EA Pulse) WK33 sheet, 10 Aug 2026","2-night total US$119 for 2 adults (stay 9-11 Sep 2026); /2 to per-night per-room US$59.5. OTA lowest displayed, inclusions not stated.",UNK,international,ota
2026-08-10,lakekivu,Paradise Kivu Resort,100.0,2026-09-09,2,"https://www.paradisekivu.com/ direct booking engine (manual read), OG (EA Pulse) WK33 sheet, 10 Aug 2026","2-night total US$200 for 2 adults (stay 9-11 Sep 2026); /2 to per-night per-room US$100.0. [basis inferred: beach lead-in=BB, collector left blank]",BB,international,direct
2026-08-10,lakekivu,Paradise Kivu Resort,77.0,2026-09-09,2,"Booking.com (manual read), OG (EA Pulse) WK33 sheet, 10 Aug 2026","2-night total US$154 for 2 adults (stay 9-11 Sep 2026); /2 to per-night per-room US$77.0. OTA lowest displayed, inclusions not stated.",UNK,international,ota
2026-08-10,volcanoes,Bisate Lodge,7590.0,2026-09-09,2,"wildernessdestinations.com direct booking engine (manual read), OG (EA Pulse) WK33 sheet, 10 Aug 2026","2-night total US$15180 for 2 adults (stay 9-11 Sep 2026); /2 to per-night per-room US$7590.0. [basis inferred: bush lead-in=FI, collector left blank]",FI,international,direct
2026-08-10,volcanoes,Five Volcanoes Boutique Hotel,850.0,2026-09-09,2,"https://fivevolcanoesrwanda.com/ direct booking engine (manual read), OG (EA Pulse) WK33 sheet, 10 Aug 2026","2-night total US$1700 for 2 adults (stay 9-11 Sep 2026); /2 to per-night per-room US$850.0. [basis inferred: bush lead-in=FI, collector left blank]",FI,international,direct
2026-08-10,volcanoes,Karenge Bush Camp (Akagera),516.0,2026-09-09,2,"https://visitakagera.org/karenge-bush-camp/ direct booking engine (manual read), OG (EA Pulse) WK33 sheet, 10 Aug 2026","2-night total US$1032 for 2 adults (stay 9-11 Sep 2026); /2 to per-night per-room US$516.0. [basis inferred: bush lead-in=FI, collector left blank]",FI,international,direct
2026-08-10,volcanoes,Magashi Camp (Akagera),2794.0,2026-09-09,2,"https://www.wildernessdestinations.com/africa/rwanda/akagera-national-park/magashi-camp?utm_source=google&utm_medium=organic&utm_campaign=gmb&utm_content=camp_profile direct booking engine (manual read), OG (EA Pulse) WK33 sheet, 10 Aug 2026","2-night total US$5588 for 2 adults (stay 9-11 Sep 2026); /2 to per-night per-room US$2794.0. [basis inferred: bush lead-in=FI, collector left blank]",FI,international,direct
2026-08-10,volcanoes,Nyungwe House,3770.0,2026-09-09,2,"oneandonlyresorts.com direct booking engine (manual read), OG (EA Pulse) WK33 sheet, 10 Aug 2026","2-night total US$7540 for 2 adults (stay 9-11 Sep 2026); /2 to per-night per-room US$3770.0. [basis inferred: bush lead-in=FI, collector left blank]",FI,international,direct
2026-08-10,volcanoes,One&Only Gorilla's Nest,8260.0,2026-09-09,2,"oneandonlyresorts.com direct booking engine (manual read), OG (EA Pulse) WK33 sheet, 10 Aug 2026","2-night total US$16520 for 2 adults (stay 9-11 Sep 2026); /2 to per-night per-room US$8260.0. [basis inferred: bush lead-in=FI, collector left blank]",FI,international,direct
2026-08-10,volcanoes,Ruzizi Tented Lodge (Akagera),516.0,2026-09-09,2,"akageranationalpark.org direct booking engine (manual read), OG (EA Pulse) WK33 sheet, 10 Aug 2026","2-night total US$1032 for 2 adults (stay 9-11 Sep 2026); /2 to per-night per-room US$516.0. [basis inferred: bush lead-in=FI, collector left blank]",FI,international,direct
2026-08-10,volcanoes,Sabyinyo Silverback Lodge,4470.0,2026-09-09,2,"sabyinyolodge.com direct booking engine (manual read), OG (EA Pulse) WK33 sheet, 10 Aug 2026","2-night total US$8940 for 2 adults (stay 9-11 Sep 2026); /2 to per-night per-room US$4470.0. [basis inferred: bush lead-in=FI, collector left blank]",FI,international,direct
2026-08-10,volcanoes,Singita Kwitonda Lodge,7260.0,2026-09-09,2,"https://singita.com/lodge/singita-kwitonda-lodge/information/ direct booking engine (manual read), OG (EA Pulse) WK33 sheet, 10 Aug 2026","2-night total US$14520 for 2 adults (stay 9-11 Sep 2026); /2 to per-night per-room US$7260.0. [basis inferred: bush lead-in=FI, collector left blank]",FI,international,direct
2026-08-10,volcanoes,Virunga Lodge,4410.0,2026-09-09,2,"https://virungalodge.com/ direct booking engine (manual read), OG (EA Pulse) WK33 sheet, 10 Aug 2026","2-night total US$8820 for 2 adults (stay 9-11 Sep 2026); /2 to per-night per-room US$4410.0. [basis inferred: bush lead-in=FI, collector left blank]",FI,international,direct
2026-08-10,kigali,2000 Hotel Downtown Kigali,120.5,2026-09-09,2,"Booking.com (manual read), OG (EA Pulse) WK33 sheet, 10 Aug 2026","2-night total US$241 for 2 adults (stay 9-11 Sep 2026); /2 to per-night per-room US$120.5. OTA lowest displayed, inclusions not stated.",UNK,international,ota
2026-08-10,kigali,Heaven Boutique Hotel,119.5,2026-09-09,2,"Booking.com (manual read), OG (EA Pulse) WK33 sheet, 10 Aug 2026","2-night total US$239 for 2 adults (stay 9-11 Sep 2026); /2 to per-night per-room US$119.5. OTA lowest displayed, inclusions not stated.",UNK,international,ota
2026-08-10,kigali,Hotel Des Mille Collines,199.0,2026-09-09,2,"Booking.com,No availability on hotel website (manual read), OG (EA Pulse) WK33 sheet, 10 Aug 2026","2-night total US$398 for 2 adults (stay 9-11 Sep 2026); /2 to per-night per-room US$199.0. OTA lowest displayed, inclusions not stated.",UNK,international,ota
2026-08-10,kigali,Kigali Marriott,257.0,2026-09-09,2,"marriott.com direct booking engine (manual read), OG (EA Pulse) WK33 sheet, 10 Aug 2026","2-night total US$514 for 2 adults (stay 9-11 Sep 2026); /2 to per-night per-room US$257.0. [basis inferred: city lead-in=BB, collector left blank]",BB,international,direct
2026-08-10,kigali,Kigali Marriott,352.0,2026-09-09,2,"Booking.com (manual read), OG (EA Pulse) WK33 sheet, 10 Aug 2026","2-night total US$704 for 2 adults (stay 9-11 Sep 2026); /2 to per-night per-room US$352.0. OTA lowest displayed, inclusions not stated.",UNK,international,ota
2026-08-10,kigali,Kigali Serena,144.07,2026-09-09,2,"serenahotels.com direct booking engine (manual read), OG (EA Pulse) WK33 sheet, 10 Aug 2026","2-night total US$288.14 for 2 adults (stay 9-11 Sep 2026); /2 to per-night per-room US$144.07. [basis inferred: city lead-in=BB, collector left blank]",BB,international,direct
2026-08-10,kigali,Kigali Serena,178.5,2026-09-09,2,"Booking.com (manual read), OG (EA Pulse) WK33 sheet, 10 Aug 2026","2-night total US$357 for 2 adults (stay 9-11 Sep 2026); /2 to per-night per-room US$178.5. OTA lowest displayed, inclusions not stated.",UNK,international,ota
2026-08-10,kigali,Onomo Hotel Kigali,81.1,2026-09-09,2,"onomohotels.com direct booking engine (manual read), OG (EA Pulse) WK33 sheet, 10 Aug 2026","2-night total US$162.2 for 2 adults (stay 9-11 Sep 2026); /2 to per-night per-room US$81.1. [basis inferred: city lead-in=BB, collector left blank]",BB,international,direct
2026-08-10,kigali,Onomo Hotel Kigali,106.5,2026-09-09,2,"Booking.com (manual read), OG (EA Pulse) WK33 sheet, 10 Aug 2026","2-night total US$213 for 2 adults (stay 9-11 Sep 2026); /2 to per-night per-room US$106.5. OTA lowest displayed, inclusions not stated.",UNK,international,ota
2026-08-10,kigali,Park Inn by Radisson Kigali,147.0,2026-09-09,2,"radissonhotels.com direct booking engine (manual read), OG (EA Pulse) WK33 sheet, 10 Aug 2026",2-night total US$294 for 2 adults (stay 9-11 Sep 2026); /2 to per-night per-room US$147.0. [basis reused from prior week: BB],BB,international,direct
2026-08-10,kigali,Park Inn by Radisson Kigali,148.5,2026-09-09,2,"Booking.com (manual read), OG (EA Pulse) WK33 sheet, 10 Aug 2026","2-night total US$297 for 2 adults (stay 9-11 Sep 2026); /2 to per-night per-room US$148.5. OTA lowest displayed, inclusions not stated.",UNK,international,ota
2026-08-10,kigali,Radisson Blu Hotel & Convention Centre Kigali,198.0,2026-09-09,2,"No availability  (manual read), OG (EA Pulse) WK33 sheet, 10 Aug 2026","2-night total US$396 for 2 adults (stay 9-11 Sep 2026); /2 to per-night per-room US$198.0. OTA lowest displayed, inclusions not stated.",UNK,international,ota
2026-08-10,kigali,The Retreat by Heaven,900.0,2026-09-09,2,"heavenrwanda.com direct booking engine (manual read), OG (EA Pulse) WK33 sheet, 10 Aug 2026","CORRECTION (verified 2026-08-17, OG sign-off): value was a 2-night stay total mis-stored as per-night; divided by LOS 2 to per-night. Original=1800 (2-night).",BB,international,direct
2026-08-10,kigali,The Retreat by Heaven,1440.0,2026-09-09,2,"Booking.com (manual read), OG (EA Pulse) WK33 sheet, 10 Aug 2026","2-night total US$2880 for 2 adults (stay 9-11 Sep 2026); /2 to per-night per-room US$1440.0. OTA lowest displayed, inclusions not stated.",UNK,international,ota
2026-08-10,kigali,Ubumwe Grande,240.0,2026-09-09,2,"https://reservations.ubumwegrandehotel.com/114531?_gl=1*ijo7zi*&adults=2&datein=09/03/2026&dateout=09/05/2026&domain=www.ubumwegrandehotel.com&languageid=1&rooms=1#/accommodation/room direct booking engine (manual read), OG (EA Pulse) WK33 sheet, 10 Aug 2026","2-night total US$480 for 2 adults (stay 9-11 Sep 2026); /2 to per-night per-room US$240.0. [basis inferred: city lead-in=BB, collector left blank]",BB,international,direct
2026-08-10,kigali,Ubumwe Grande,132.0,2026-09-09,2,"Booking.com (manual read), OG (EA Pulse) WK33 sheet, 10 Aug 2026","2-night total US$264 for 2 adults (stay 9-11 Sep 2026); /2 to per-night per-room US$132.0. OTA lowest displayed, inclusions not stated.",UNK,international,ota
2026-08-10,safari,Chem Chem Safari Lodge,3360.0,2026-09-09,2,"chemchem.com direct booking engine (manual read), OG (EA Pulse) WK33 sheet, 10 Aug 2026","2-night total US$6720 for 2 adults (stay 9-11 Sep 2026); /2 to per-night per-room US$3360.0. [basis inferred: bush lead-in=FI, collector left blank]",FI,international,direct
2026-08-10,safari,Four Seasons Safari Lodge Serengeti,4046.0,2026-09-09,2,"fourseasons.com direct booking engine (manual read), OG (EA Pulse) WK33 sheet, 10 Aug 2026","2-night total US$8092 for 2 adults (stay 9-11 Sep 2026); /2 to per-night per-room US$4046.0. [basis inferred: bush lead-in=FI, collector left blank]",FI,international,direct
2026-08-10,safari,Mwiba Lodge,5240.0,2026-09-09,2,"mwibalodge.com direct booking engine (manual read), OG (EA Pulse) WK33 sheet, 10 Aug 2026","2-night total US$10480 for 2 adults (stay 9-11 Sep 2026); /2 to per-night per-room US$5240.0. [basis inferred: bush lead-in=FI, collector left blank]",FI,international,direct
2026-08-10,safari,One Nature Nyaruswigwa,5280.0,2026-09-09,2,"onenaturehotels.com direct booking engine (manual read), OG (EA Pulse) WK33 sheet, 10 Aug 2026","2-night total US$10560 for 2 adults (stay 9-11 Sep 2026); /2 to per-night per-room US$5280.0. [basis inferred: bush lead-in=FI, collector left blank]",FI,international,direct
2026-08-10,safari,Sayari Tented Camp,5638.0,2026-09-09,2,"asiliaafrica.com direct booking engine (manual read), OG (EA Pulse) WK33 sheet, 10 Aug 2026","2-night total US$11276 for 2 adults (stay 9-11 Sep 2026); /2 to per-night per-room US$5638.0. [basis inferred: bush lead-in=FI, collector left blank]",FI,international,direct
2026-08-10,safari,Serengeti Bushtops,2600.0,2026-09-09,2,"bushtops.com direct booking engine (manual read), OG (EA Pulse) WK33 sheet, 10 Aug 2026","2-night total US$5200 for 2 adults (stay 9-11 Sep 2026); /2 to per-night per-room US$2600.0. [basis inferred: bush lead-in=FI, collector left blank]",FI,international,direct
2026-08-10,safari,Singita Faru Faru Lodge,6440.0,2026-09-09,2,"singita.com direct booking engine (manual read), OG (EA Pulse) WK33 sheet, 10 Aug 2026","2-night total US$12880 for 2 adults (stay 9-11 Sep 2026); /2 to per-night per-room US$6440.0. [basis inferred: bush lead-in=FI, collector left blank]",FI,international,direct
2026-08-10,safari,Singita Sasakwa Lodge,7050.0,2026-09-09,2,"singita.com direct booking engine (manual read), OG (EA Pulse) WK33 sheet, 10 Aug 2026","2-night total US$14100 for 2 adults (stay 9-11 Sep 2026); /2 to per-night per-room US$7050.0. [basis inferred: bush lead-in=FI, collector left blank]",FI,international,direct
2026-08-10,safari,andBeyond Grumeti Serengeti,5040.0,2026-09-09,2,"andbeyond.com direct booking engine (manual read), OG (EA Pulse) WK33 sheet, 10 Aug 2026","2-night total US$10080 for 2 adults (stay 9-11 Sep 2026); /2 to per-night per-room US$5040.0. [basis inferred: bush lead-in=FI, collector left blank]",FI,international,direct
2026-08-10,dar_arusha,Blackwood Boutique Hotel,97.5,2026-09-09,2,"Booking.com (manual read), OG (EA Pulse) WK33 sheet, 10 Aug 2026","2-night total US$195 for 2 adults (stay 9-11 Sep 2026); /2 to per-night per-room US$97.5. OTA lowest displayed, inclusions not stated.",UNK,international,ota
2026-08-10,dar_arusha,Dar es Salaam Serena Hotel,160.49,2026-09-09,2,"serenahotels.com direct booking engine (manual read), OG (EA Pulse) WK33 sheet, 10 Aug 2026","2-night total US$320.97 for 2 adults (stay 9-11 Sep 2026); /2 to per-night per-room US$160.49. [basis inferred: city lead-in=BB, collector left blank]",BB,international,direct
2026-08-10,dar_arusha,Dar es Salaam Serena Hotel,184.5,2026-09-09,2,"Booking.com (manual read), OG (EA Pulse) WK33 sheet, 10 Aug 2026","2-night total US$369 for 2 adults (stay 9-11 Sep 2026); /2 to per-night per-room US$184.5. OTA lowest displayed, inclusions not stated.",UNK,international,ota
2026-08-10,dar_arusha,DoubleTree by Hilton Dar es Salaam,171.85,2026-09-09,2,"hilton.com direct booking engine (manual read), OG (EA Pulse) WK33 sheet, 10 Aug 2026","2-night total US$343.71 for 2 adults (stay 9-11 Sep 2026); /2 to per-night per-room US$171.85. [basis inferred: city lead-in=BB, collector left blank]",BB,international,direct
2026-08-10,dar_arusha,Gran Melia Arusha,567.65,2026-09-09,2,"melia.com direct booking engine (manual read), OG (EA Pulse) WK33 sheet, 10 Aug 2026","2-night total US$1135.31 for 2 adults (stay 9-11 Sep 2026); /2 to per-night per-room US$567.65. [basis inferred: city lead-in=BB, collector left blank]",BB,international,direct
2026-08-10,dar_arusha,Gran Melia Arusha,612.0,2026-09-09,2,"Booking.com (manual read), OG (EA Pulse) WK33 sheet, 10 Aug 2026","2-night total US$1224 for 2 adults (stay 9-11 Sep 2026); /2 to per-night per-room US$612.0. OTA lowest displayed, inclusions not stated.",UNK,international,ota
2026-08-10,dar_arusha,Hyatt Regency Dar es Salaam,216.0,2026-09-09,2,"hyatt.com direct booking engine (manual read), OG (EA Pulse) WK33 sheet, 10 Aug 2026","2-night total US$432 for 2 adults (stay 9-11 Sep 2026); /2 to per-night per-room US$216.0. [basis inferred: city lead-in=BB, collector left blank]",BB,international,direct
2026-08-10,dar_arusha,Hyatt Regency Dar es Salaam,219.0,2026-09-09,2,"Booking.com (manual read), OG (EA Pulse) WK33 sheet, 10 Aug 2026","2-night total US$438 for 2 adults (stay 9-11 Sep 2026); /2 to per-night per-room US$219.0. OTA lowest displayed, inclusions not stated.",UNK,international,ota
2026-08-10,dar_arusha,Protea Hotel Dar es Salaam Courtyard,147.0,2026-09-09,2,"Expedia.com (manual read), OG (EA Pulse) WK33 sheet, 10 Aug 2026","2-night total US$294 for 2 adults (stay 9-11 Sep 2026); /2 to per-night per-room US$147.0. OTA lowest displayed, inclusions not stated.",UNK,international,ota
2026-08-10,dar_arusha,Sea Cliff Hotel,273.0,2026-09-09,2,"Expedia.com (manual read), OG (EA Pulse) WK33 sheet, 10 Aug 2026","2-night total US$546 for 2 adults (stay 9-11 Sep 2026); /2 to per-night per-room US$273.0. OTA lowest displayed, inclusions not stated.",UNK,international,ota
2026-08-10,lakevictoria,Brovad Sands Lodge,135.0,2026-09-09,2,"Expedia.com (manual read), OG (EA Pulse) WK33 sheet, 10 Aug 2026","2-night total US$270 for 2 adults (stay 9-11 Sep 2026); /2 to per-night per-room US$135.0. OTA lowest displayed, inclusions not stated.",UNK,international,ota
2026-08-10,lakevictoria,Imperial Resort Beach Entebbe,130.0,2026-09-09,2,"Expedia.com (manual read), OG (EA Pulse) WK33 sheet, 10 Aug 2026","2-night total US$260 for 2 adults (stay 9-11 Sep 2026); /2 to per-night per-room US$130.0. OTA lowest displayed, inclusions not stated.",UNK,international,ota
2026-08-10,lakevictoria,Lake Victoria Serena Golf Resort,304.0,2026-09-09,2,"serenahotels.com direct booking engine (manual read), OG (EA Pulse) WK33 sheet, 10 Aug 2026","2-night total US$608 for 2 adults (stay 9-11 Sep 2026); /2 to per-night per-room US$304.0. [basis inferred: beach lead-in=BB, collector left blank]",BB,international,direct
2026-08-10,lakevictoria,Lake Victoria Serena Golf Resort,304.5,2026-09-09,2,"Expedia.com (manual read), OG (EA Pulse) WK33 sheet, 10 Aug 2026","2-night total US$609 for 2 adults (stay 9-11 Sep 2026); /2 to per-night per-room US$304.5. OTA lowest displayed, inclusions not stated.",UNK,international,ota
2026-08-10,lakevictoria,Lutembe Beach Resort,51.5,2026-09-09,2,"Booking.com (manual read), OG (EA Pulse) WK33 sheet, 10 Aug 2026","2-night total US$103 for 2 adults (stay 9-11 Sep 2026); /2 to per-night per-room US$51.5. OTA lowest displayed, inclusions not stated.",UNK,international,ota
2026-08-10,lakevictoria,Munyonyo Commonwealth Resort,182.0,2026-09-09,2,"https://munyonyocommonwealth.com/ direct booking engine (manual read), OG (EA Pulse) WK33 sheet, 10 Aug 2026","2-night total US$364 for 2 adults (stay 9-11 Sep 2026); /2 to per-night per-room US$182.0. [basis inferred: beach lead-in=BB, collector left blank]",BB,international,direct
2026-08-10,lakevictoria,Munyonyo Commonwealth Resort,217.0,2026-09-09,2,"Booking.com (manual read), OG (EA Pulse) WK33 sheet, 10 Aug 2026","2-night total US$434 for 2 adults (stay 9-11 Sep 2026); /2 to per-night per-room US$217.0. OTA lowest displayed, inclusions not stated.",UNK,international,ota
2026-08-10,lakevictoria,Pineapple Bay Resort,300.0,2026-09-09,2,"pineapplebayuganda.com direct booking engine (manual read), OG (EA Pulse) WK33 sheet, 10 Aug 2026","2-night total US$600 for 2 adults (stay 9-11 Sep 2026); /2 to per-night per-room US$300.0. [basis inferred: beach lead-in=BB, collector left blank]",BB,international,direct
2026-08-10,lakevictoria,Protea Hotel by Marriott Entebbe,301.0,2026-09-09,2,"marriott.com direct booking engine (manual read), OG (EA Pulse) WK33 sheet, 10 Aug 2026","2-night total US$602 for 2 adults (stay 9-11 Sep 2026); /2 to per-night per-room US$301.0. [basis inferred: beach lead-in=BB, collector left blank]",BB,international,direct
2026-08-10,lakevictoria,Protea Hotel by Marriott Entebbe,307.0,2026-09-09,2,"Booking.com (manual read), OG (EA Pulse) WK33 sheet, 10 Aug 2026","2-night total US$614 for 2 adults (stay 9-11 Sep 2026); /2 to per-night per-room US$307.0. OTA lowest displayed, inclusions not stated.",UNK,international,ota
2026-08-10,kampala,Speke Resort Munyonyo,202.5,2026-09-09,2,"https://www.guestreservations.com/speke-resort-conferen (manual read), OG (EA Pulse) WK33 sheet, 10 Aug 2026","2-night total US$405 for 2 adults (stay 9-11 Sep 2026); /2 to per-night per-room US$202.5. OTA lowest displayed, inclusions not stated.",UNK,international,ota
2026-08-10,lakevictoria,Wildwaters Lodge,911.0,2026-09-09,2,"OTA (unnamed) (manual read), OG (EA Pulse) WK33 sheet, 10 Aug 2026","2-night total US$1822 for 2 adults (stay 9-11 Sep 2026); /2 to per-night per-room US$911.0. OTA lowest displayed, inclusions not stated.",UNK,international,ota
2026-08-10,bwindi,Buhoma Lodge,1070.0,2026-09-09,2,"https://gorilla.safari.co.za/pricing_buhoma-lodge.html (manual read), OG (EA Pulse) WK33 sheet, 10 Aug 2026","2-night total US$2140 for 2 adults (stay 9-11 Sep 2026); /2 to per-night per-room US$1070.0. OTA lowest displayed, inclusions not stated.",UNK,international,ota
2026-08-10,bwindi,Bwindi Lodge,3010.0,2026-09-09,2,"volcanoes-safaris.com direct booking engine (manual read), OG (EA Pulse) WK33 sheet, 10 Aug 2026","2-night total US$6020 for 2 adults (stay 9-11 Sep 2026); /2 to per-night per-room US$3010.0. [basis inferred: bush lead-in=FI, collector left blank]",FI,international,direct
2026-08-10,bwindi,Clouds Mountain Gorilla Lodge,3240.0,2026-09-09,2,"wildplacesafrica.com direct booking engine (manual read), OG (EA Pulse) WK33 sheet, 10 Aug 2026","2-night total US$6480 for 2 adults (stay 9-11 Sep 2026); /2 to per-night per-room US$3240.0. [basis inferred: bush lead-in=FI, collector left blank]",FI,international,direct
2026-08-10,bwindi,Engagi Lodge,556.0,2026-09-09,2,"engagilodge.com direct booking engine (manual read), OG (EA Pulse) WK33 sheet, 10 Aug 2026","2-night total US$1112 for 2 adults (stay 9-11 Sep 2026); /2 to per-night per-room US$556.0. [basis inferred: bush lead-in=FI, collector left blank]",FI,international,direct
2026-08-10,bwindi,Erebero Hills (Asilia),4891.0,2026-09-09,2,"asiliaafrica.com direct booking engine (manual read), OG (EA Pulse) WK33 sheet, 10 Aug 2026","2-night total US$9782 for 2 adults (stay 9-11 Sep 2026); /2 to per-night per-room US$4891.0. [basis inferred: bush lead-in=FI, collector left blank]",FI,international,direct
2026-08-10,bwindi,Kyambura Gorge Lodge,3140.0,2026-09-09,2,"volcanoes-safaris.com direct booking engine (manual read), OG (EA Pulse) WK33 sheet, 10 Aug 2026","2-night total US$6280 for 2 adults (stay 9-11 Sep 2026); /2 to per-night per-room US$3140.0. [basis inferred: bush lead-in=FI, collector left blank]",FI,international,direct
2026-08-10,bwindi,Mahogany Springs Lodge,840.0,2026-09-09,2,"mahoganysprings.com direct booking engine (manual read), OG (EA Pulse) WK33 sheet, 10 Aug 2026","2-night total US$1680 for 2 adults (stay 9-11 Sep 2026); /2 to per-night per-room US$840.0. [basis inferred: bush lead-in=FI, collector left blank]",FI,international,direct
2026-08-10,bwindi,Nkuringo Bwindi Gorilla Lodge,1264.0,2026-09-09,2,"nkuringo.com direct booking engine (manual read), OG (EA Pulse) WK33 sheet, 10 Aug 2026","2-night total US$2528 for 2 adults (stay 9-11 Sep 2026); /2 to per-night per-room US$1264.0. [basis inferred: bush lead-in=FI, collector left blank]",FI,international,direct
2026-08-10,bwindi,Primate Lodge Kibale,1200.0,2026-09-09,2,"primate-lodge.com direct booking engine (manual read), OG (EA Pulse) WK33 sheet, 10 Aug 2026","2-night total US$2400 for 2 adults (stay 9-11 Sep 2026); /2 to per-night per-room US$1200.0. [basis inferred: bush lead-in=FI, collector left blank]",FI,international,direct
2026-08-10,bwindi,Sanctuary Gorilla Forest Camp,4880.0,2026-09-09,2,"sanctuaryretreats.com direct booking engine (manual read), OG (EA Pulse) WK33 sheet, 10 Aug 2026","2-night total US$9760 for 2 adults (stay 9-11 Sep 2026); /2 to per-night per-room US$4880.0. [basis inferred: bush lead-in=FI, collector left blank]",FI,international,direct
2026-08-10,kampala,Four Points by Sheraton Kampala,155.0,2026-09-09,2,"marriott.com direct booking engine (manual read), OG (EA Pulse) WK33 sheet, 10 Aug 2026",2-night total US$310 for 2 adults (stay 9-11 Sep 2026); /2 to per-night per-room US$155.0. [basis reused from prior week: BB],BB,international,direct
2026-08-10,kampala,Four Points by Sheraton Kampala,184.0,2026-09-09,2,"booking.com (manual read), OG (EA Pulse) WK33 sheet, 10 Aug 2026","2-night total US$368 for 2 adults (stay 9-11 Sep 2026); /2 to per-night per-room US$184.0. OTA lowest displayed, inclusions not stated.",UNK,international,ota
2026-08-10,kampala,Golden Tulip Canaan Kampala,162.03,2026-09-09,2,"goldentulip.com direct booking engine (manual read), OG (EA Pulse) WK33 sheet, 10 Aug 2026",2-night total US$324.05 for 2 adults (stay 9-11 Sep 2026); /2 to per-night per-room US$162.03. [basis reused from prior week: BB],BB,international,direct
2026-08-10,kampala,Golden Tulip Canaan Kampala,191.0,2026-09-09,2,"booking.com (manual read), OG (EA Pulse) WK33 sheet, 10 Aug 2026","2-night total US$382 for 2 adults (stay 9-11 Sep 2026); /2 to per-night per-room US$191.0. OTA lowest displayed, inclusions not stated.",UNK,international,ota
2026-08-10,kampala,Hilton Garden Inn Kampala,131.0,2026-09-09,2,"hilton.com direct booking engine (manual read), OG (EA Pulse) WK33 sheet, 10 Aug 2026",2-night total US$262 for 2 adults (stay 9-11 Sep 2026); /2 to per-night per-room US$131.0. [basis reused from prior week: BB],BB,international,direct
2026-08-10,kampala,Hilton Garden Inn Kampala,139.5,2026-09-09,2,"booking.com (manual read), OG (EA Pulse) WK33 sheet, 10 Aug 2026","2-night total US$279 for 2 adults (stay 9-11 Sep 2026); /2 to per-night per-room US$139.5. OTA lowest displayed, inclusions not stated.",UNK,international,ota
2026-08-10,kampala,Hotel Africana,150.0,2026-09-09,2,"hotelafricana.com direct booking engine (manual read), OG (EA Pulse) WK33 sheet, 10 Aug 2026","2-night total US$300 for 2 adults (stay 9-11 Sep 2026); /2 to per-night per-room US$150.0. [basis inferred: city lead-in=BB, collector left blank]",BB,international,direct
2026-08-10,kampala,Hotel Africana,126.5,2026-09-09,2,"booking.com (manual read), OG (EA Pulse) WK33 sheet, 10 Aug 2026","2-night total US$253 for 2 adults (stay 9-11 Sep 2026); /2 to per-night per-room US$126.5. OTA lowest displayed, inclusions not stated.",UNK,international,ota
2026-08-10,kampala,Kabira Country Club,140.0,2026-09-09,2,"kabiracountryclub.com direct booking engine (manual read), OG (EA Pulse) WK33 sheet, 10 Aug 2026",2-night total US$280 for 2 adults (stay 9-11 Sep 2026); /2 to per-night per-room US$140.0. [basis reused from prior week: BB],BB,international,direct
2026-08-10,kampala,Kabira Country Club,162.0,2026-09-09,2,"booking.com (manual read), OG (EA Pulse) WK33 sheet, 10 Aug 2026","2-night total US$324 for 2 adults (stay 9-11 Sep 2026); /2 to per-night per-room US$162.0. OTA lowest displayed, inclusions not stated.",UNK,international,ota
2026-08-10,kampala,Kampala Serena,268.0,2026-09-09,2,"serenahotels.com direct booking engine (manual read), OG (EA Pulse) WK33 sheet, 10 Aug 2026",2-night total US$536 for 2 adults (stay 9-11 Sep 2026); /2 to per-night per-room US$268.0. [basis reused from prior week: BB],BB,international,direct
2026-08-10,kampala,Kampala Serena,241.0,2026-09-09,2,"booking.com (manual read), OG (EA Pulse) WK33 sheet, 10 Aug 2026","2-night total US$482 for 2 adults (stay 9-11 Sep 2026); /2 to per-night per-room US$241.0. OTA lowest displayed, inclusions not stated.",UNK,international,ota
2026-08-10,kampala,Latitude 0 Degrees,136.0,2026-09-09,2,"latitude0degrees.com direct booking engine (manual read), OG (EA Pulse) WK33 sheet, 10 Aug 2026",2-night total US$272 for 2 adults (stay 9-11 Sep 2026); /2 to per-night per-room US$136.0. [basis reused from prior week: BB],BB,international,direct
2026-08-10,kampala,Latitude 0 Degrees,162.0,2026-09-09,2,"booking.com (manual read), OG (EA Pulse) WK33 sheet, 10 Aug 2026","2-night total US$324 for 2 adults (stay 9-11 Sep 2026); /2 to per-night per-room US$162.0. OTA lowest displayed, inclusions not stated.",UNK,international,ota
2026-08-10,kampala,Mestil Hotel & Residences,182.0,2026-09-09,2,"mestilhotel.com direct booking engine (manual read), OG (EA Pulse) WK33 sheet, 10 Aug 2026","2-night total US$364 for 2 adults (stay 9-11 Sep 2026); /2 to per-night per-room US$182.0. [basis inferred: city lead-in=BB, collector left blank]",BB,international,direct
2026-08-10,kampala,Mestil Hotel & Residences,190.0,2026-09-09,2,"booking.com (manual read), OG (EA Pulse) WK33 sheet, 10 Aug 2026","2-night total US$380 for 2 adults (stay 9-11 Sep 2026); /2 to per-night per-room US$190.0. OTA lowest displayed, inclusions not stated.",UNK,international,ota
2026-08-10,kampala,Pearl of Africa Hotel,250.0,2026-09-09,2,"pearlofafricahotel.com direct booking engine (manual read), OG (EA Pulse) WK33 sheet, 10 Aug 2026",2-night total US$500 for 2 adults (stay 9-11 Sep 2026); /2 to per-night per-room US$250.0. [basis reused from prior week: BB],BB,international,direct
2026-08-10,kampala,Sheraton Kampala,196.0,2026-09-09,2,"marriott.com direct booking engine (manual read), OG (EA Pulse) WK33 sheet, 10 Aug 2026",2-night total US$392 for 2 adults (stay 9-11 Sep 2026); /2 to per-night per-room US$196.0. [basis reused from prior week: BB],BB,international,direct
2026-08-10,kampala,Sheraton Kampala,196.0,2026-09-09,2,"booking.com (manual read), OG (EA Pulse) WK33 sheet, 10 Aug 2026","2-night total US$392 for 2 adults (stay 9-11 Sep 2026); /2 to per-night per-room US$196.0. OTA lowest displayed, inclusions not stated.",UNK,international,ota
2026-08-10,zanzibar,Baraza Resort & Spa,1417.19,2026-09-09,2,"baraza.co.tz direct booking engine (manual read), OG (EA Pulse) WK33 sheet, 10 Aug 2026",2-night total US$2834.38 for 2 adults (stay 9-11 Sep 2026); /2 to per-night per-room US$1417.19. [basis reused from prior week: AI],AI,international,direct
2026-08-10,zanzibar,Baraza Resort & Spa,1224.5,2026-09-09,2,"booking.com (manual read), OG (EA Pulse) WK33 sheet, 10 Aug 2026","2-night total US$2449 for 2 adults (stay 9-11 Sep 2026); /2 to per-night per-room US$1224.5. OTA lowest displayed, inclusions not stated.",UNK,international,ota
2026-08-10,zanzibar,Breezes Beach Club & Spa,471.67,2026-09-09,2,"breezeszanzibar.com direct booking engine (manual read), OG (EA Pulse) WK33 sheet, 10 Aug 2026",2-night total US$943.34 for 2 adults (stay 9-11 Sep 2026); /2 to per-night per-room US$471.67. [basis reused from prior week: HB],HB,international,direct
2026-08-10,zanzibar,Breezes Beach Club & Spa,509.5,2026-09-09,2,"booking.com (manual read), OG (EA Pulse) WK33 sheet, 10 Aug 2026","2-night total US$1019 for 2 adults (stay 9-11 Sep 2026); /2 to per-night per-room US$509.5. OTA lowest displayed, inclusions not stated.",UNK,international,ota
2026-08-10,zanzibar,Essque Zalu Zanzibar,250.0,2026-09-09,2,"essquezalu.com direct booking engine (manual read), OG (EA Pulse) WK33 sheet, 10 Aug 2026","2-night total US$500 for 2 adults (stay 9-11 Sep 2026); /2 to per-night per-room US$250.0. [basis inferred: beach lead-in=BB, collector left blank]",BB,international,direct
2026-08-10,zanzibar,Essque Zalu Zanzibar,167.5,2026-09-09,2,"booking.com (manual read), OG (EA Pulse) WK33 sheet, 10 Aug 2026","2-night total US$335 for 2 adults (stay 9-11 Sep 2026); /2 to per-night per-room US$167.5. OTA lowest displayed, inclusions not stated.",UNK,international,ota
2026-08-10,zanzibar,Kilindi Zanzibar,1370.0,2026-09-09,2,"kilindizanzibar.com direct booking engine (manual read), OG (EA Pulse) WK33 sheet, 10 Aug 2026",2-night total US$2740 for 2 adults (stay 9-11 Sep 2026); /2 to per-night per-room US$1370.0. [basis reused from prior week: AI],AI,international,direct
2026-08-10,zanzibar,Kilindi Zanzibar,1242.0,2026-09-09,2,"booking.com (manual read), OG (EA Pulse) WK33 sheet, 10 Aug 2026","2-night total US$2484 for 2 adults (stay 9-11 Sep 2026); /2 to per-night per-room US$1242.0. OTA lowest displayed, inclusions not stated.",UNK,international,ota
2026-08-10,zanzibar,Melia Zanzibar,377.89,2026-09-09,2,"melia.com direct booking engine (manual read), OG (EA Pulse) WK33 sheet, 10 Aug 2026",2-night total US$755.79 for 2 adults (stay 9-11 Sep 2026); /2 to per-night per-room US$377.89. [basis reused from prior week: AI],AI,international,direct
2026-08-10,zanzibar,Melia Zanzibar,391.0,2026-09-09,2,"booking.com (manual read), OG (EA Pulse) WK33 sheet, 10 Aug 2026","2-night total US$782 for 2 adults (stay 9-11 Sep 2026); /2 to per-night per-room US$391.0. OTA lowest displayed, inclusions not stated.",UNK,international,ota
2026-08-10,zanzibar,Mnemba Island Lodge,6000.0,2026-09-09,2,"https://www.andbeyond.com/lodge-editorial/mnemba-island/accommodation/ direct booking engine (manual read), OG (EA Pulse) WK33 sheet, 10 Aug 2026",2-night total US$12000 for 2 adults (stay 9-11 Sep 2026); /2 to per-night per-room US$6000.0. [basis reused from prior week: AI],AI,international,direct
2026-08-10,zanzibar,The Residence Zanzibar,392.0,2026-09-09,2,"theresidence.com direct booking engine (manual read), OG (EA Pulse) WK33 sheet, 10 Aug 2026",2-night total US$784 for 2 adults (stay 9-11 Sep 2026); /2 to per-night per-room US$392.0. [basis reused from prior week: HB],HB,international,direct
2026-08-10,zanzibar,The Residence Zanzibar,435.0,2026-09-09,2,"booking.com (manual read), OG (EA Pulse) WK33 sheet, 10 Aug 2026","2-night total US$870 for 2 adults (stay 9-11 Sep 2026); /2 to per-night per-room US$435.0. OTA lowest displayed, inclusions not stated.",UNK,international,ota
2026-08-10,zanzibar,White Sand Luxury Villas,1600.0,2026-09-09,2,"whitesandvillas.com direct booking engine (manual read), OG (EA Pulse) WK33 sheet, 10 Aug 2026",2-night total US$3200 for 2 adults (stay 9-11 Sep 2026); /2 to per-night per-room US$1600.0. [basis reused from prior week: HB],HB,international,direct
2026-08-10,zanzibar,White Sand Luxury Villas,1600.0,2026-09-09,2,"booking.com (manual read), OG (EA Pulse) WK33 sheet, 10 Aug 2026","2-night total US$3200 for 2 adults (stay 9-11 Sep 2026); /2 to per-night per-room US$1600.0. OTA lowest displayed, inclusions not stated.",UNK,international,ota
2026-08-10,zanzibar,Zuri Zanzibar,1160.0,2026-09-09,2,"zurizanzibar.com direct booking engine (manual read), OG (EA Pulse) WK33 sheet, 10 Aug 2026",2-night total US$2320 for 2 adults (stay 9-11 Sep 2026); /2 to per-night per-room US$1160.0. [basis reused from prior week: HB],HB,international,direct
2026-08-10,zanzibar,Zuri Zanzibar,1990.0,2026-09-09,2,"booking.com (manual read), OG (EA Pulse) WK33 sheet, 10 Aug 2026","2-night total US$3980 for 2 adults (stay 9-11 Sep 2026); /2 to per-night per-room US$1990.0. OTA lowest displayed, inclusions not stated.",UNK,international,ota
2026-08-11,nairobi,Hemingways Nairobi,1013,2026-09-10,2,"Google Hotels via SerpApi, 2026-08-11","Matched 'Hemingways Nairobi' (similarity 1.00); lowest displayed nightly rate, inclusions not stated by Google.",UNK,international,ota
2026-08-11,coast,Serena Beach Resort & Spa,209,2026-09-10,2,"Google Hotels via SerpApi, 2026-08-11","Matched 'Serena Beach Resort & Spa' (similarity 1.00); lowest displayed nightly rate, inclusions not stated by Google.",UNK,international,ota
2026-08-11,coast,Voyager Beach Resort,161,2026-09-10,2,"Google Hotels via SerpApi, 2026-08-11","Matched 'Voyager Beach Resort' (similarity 1.00); lowest displayed nightly rate, inclusions not stated by Google.",UNK,international,ota
2026-08-13,coast,Almanara Luxury Villas,145,2026-09-12,2,"Google Hotels via SerpApi, 2026-08-13","Matched 'Subree Luxury Villas- Nyali - Entire Place' (similarity 0.52); lowest displayed nightly rate, inclusions not stated by Google. Price sources: Booking.com.",UNK,international,ota
2026-08-16,safari,Mara Intrepids,3190,2026-09-15,2,"Siyabona Africa published 2026 rate sheet (kenyasafari.com/pricing_mara-intrepids-masai-mara.html), read 16 Aug 2026","FIRST observation. US$1,595 per person sharing Full Board Plus, 15 Sep-31 Oct 2026 band; stay window 15-17 Sep 2026 falls entirely in that band. Doubled to per-double-room per night, matching the convention used for other Siyabona-sourced safari entries. FB+ = accommodation, all meals and select activities; Mara park fees excluded. CAUTION: an AfricanMecca Safaris summary quotes materially lower pppn figures for the same seasons (~$805-894); that page could not be fetched to verify, so the discrepancy is unresolved and this level should not be quoted as a market level.",FB+,international,direct
2026-08-16,safari,Kichwa Tembo,2530,2026-09-15,2,"Siyabona Africa published 2026 rate sheet (siyabona.com/pricing_kichwa-tembo-tented-camp.html), re-read 16 Aug 2026","US$1,265 per person sharing Fully Inclusive Plus, 01 Jul-31 Oct 2026 band; doubled to per-double-room per night. Rate sheet UNCHANGED from the 29 Jul 2026 read — this is a genuine re-read of the live page, not a carry-forward. Basis unchanged (FI).",FI,international,direct
2026-08-16,safari,Serengeti Serena Safari Lodge,990,2026-09-15,2,"Siyabona Africa published 2026 rate sheet (safari.co.za/pricing_Tanzania_Safari_Lodges-travel/serengeti-serena-lodge.html), re-read 16 Aug 2026","US$990 per unit Full Board, 01 Jun-31 Oct 2026 band; already per-room, no doubling. Rate sheet UNCHANGED from the 29 Jul 2026 read — genuine re-read of the live page. Basis unchanged (FB).",FB,international,direct
2026-08-17,nairobi,Hemingways Nairobi,979,2026-09-16,2,"Google Hotels via SerpApi, 2026-08-17","Matched 'Hemingways Nairobi' (similarity 1.00); lowest displayed nightly rate, inclusions not stated by Google.",UNK,international,ota
2026-08-17,nairobi,Nairobi Serena Hotel,203,2026-09-16,2,"Google Hotels via SerpApi, 2026-08-17","Matched 'Nairobi Serena Hotel' (similarity 1.00); lowest displayed nightly rate, inclusions not stated by Google.",UNK,international,ota
2026-08-17,nairobi,JW Marriott Nairobi,326,2026-09-16,2,"Google Hotels via SerpApi, 2026-08-17","Matched 'JW Marriott Hotel Nairobi' (similarity 0.86); lowest displayed nightly rate, inclusions not stated by Google.",UNK,international,ota
2026-08-17,coast,Almanara Luxury Villas,980.0,2026-09-16,2,"OG WK34 collection sheet (property booking engine), stay 16-18 Sep 2026; collected 2026-08-17",Per-night = 2-night total US$1960 / LOS 2. Basis BB (prior; sheet carries no basis column).,BB,international,direct
2026-08-17,coast,Baobab Beach Resort,315.0,2026-09-16,2,"OG WK34 collection sheet (property booking engine), stay 16-18 Sep 2026; collected 2026-08-17",Per-night = 2-night total US$630 / LOS 2. Basis BB (prior; sheet carries no basis column).,BB,international,direct
2026-08-17,coast,Diani Reef Beach Resort,201.0,2026-09-16,2,"OG WK34 collection sheet (property booking engine), stay 16-18 Sep 2026; collected 2026-08-17",Per-night = 2-night total US$402 / LOS 2. Basis BB (prior; sheet carries no basis column).,BB,international,direct
2026-08-17,coast,Jacaranda Indian Ocean Beach Resort,123.83,2026-09-16,2,"OG WK34 collection sheet (property booking engine), stay 16-18 Sep 2026; collected 2026-08-17",Per-night = 2-night total US$247.66 / LOS 2. Basis BB (prior; sheet carries no basis column).,BB,international,direct
2026-08-17,coast,Swahili Beach,289.8,2026-09-16,2,"OG WK34 collection sheet (property booking engine), stay 16-18 Sep 2026; collected 2026-08-17",Per-night = 2-night total US$579.6 / LOS 2. Basis BB (prior; sheet carries no basis column).,BB,international,direct
2026-08-17,coast,The Sands at Nomad,430.0,2026-09-16,2,"OG WK34 collection sheet (property booking engine), stay 16-18 Sep 2026; collected 2026-08-17",Per-night = 2-night total US$860 / LOS 2. Basis BB (prior; sheet carries no basis column).,BB,international,direct
2026-08-17,safari,Angama Mara,5500.0,2026-09-16,2,"OG WK34 collection sheet (property booking engine), stay 16-18 Sep 2026; collected 2026-08-17",Per-night = 2-night total US$11000 / LOS 2. Basis FB (prior; sheet carries no basis column).,FB,international,direct
2026-08-17,safari,Cottar's 1920s Safari Camp,4400.0,2026-09-16,2,"OG WK34 collection sheet (property booking engine), stay 16-18 Sep 2026; collected 2026-08-17",Per-night = 2-night total US$8800 / LOS 2. Basis FB (prior; sheet carries no basis column).,FB,international,direct
2026-08-17,safari,Governors' Camp,1996.0,2026-09-16,2,"OG WK34 collection sheet (property booking engine), stay 16-18 Sep 2026; collected 2026-08-17",CORRECTED: sheet cell 7984 was double a flat 2-night total (2x1996). Prior per-night stable at 1996 (FB); set flat per OG. Confirm if Sept peak rate genuinely higher.,FB,international,direct
2026-08-17,safari,JW Marriott Masai Mara Lodge,4851.0,2026-09-16,2,"OG WK34 collection sheet (property booking engine), stay 16-18 Sep 2026; collected 2026-08-17",Per-night = 2-night total US$9702 / LOS 2. Basis AI (prior; sheet carries no basis column).,AI,international,direct
2026-08-17,safari,Mahali Mzuri,5200.0,2026-09-16,2,"OG WK34 collection sheet (property booking engine), stay 16-18 Sep 2026; collected 2026-08-17",Per-night = 2-night total US$10400 / LOS 2. Basis AI (prior; sheet carries no basis column).,AI,international,direct
2026-08-17,safari,Mara Plains Camp,3490.0,2026-09-16,2,"OG WK34 collection sheet (property booking engine), stay 16-18 Sep 2026; collected 2026-08-17",Per-night = 2-night total US$6980 / LOS 2. Basis AI (prior; sheet carries no basis column).,AI,international,direct
2026-08-17,safari,Mara Serena Safari Lodge,890.0,2026-09-16,2,"OG WK34 collection sheet (property booking engine), stay 16-18 Sep 2026; collected 2026-08-17",Per-night = 2-night total US$1780 / LOS 2. Basis FB (prior; sheet carries no basis column).,FB,international,direct
2026-08-17,safari,Olare Mara Kempinski,1941.0,2026-09-16,2,"OG WK34 collection sheet (property booking engine), stay 16-18 Sep 2026; collected 2026-08-17",Per-night = 2-night total US$3882 / LOS 2. Basis AI (prior; sheet carries no basis column).,AI,international,direct
2026-08-17,safari,Sanctuary Olonana,4900.0,2026-09-16,2,"OG WK34 collection sheet (property booking engine), stay 16-18 Sep 2026; collected 2026-08-17",Per-night = 2-night total US$9800 / LOS 2. Basis AI (prior; sheet carries no basis column).,AI,international,direct
2026-08-17,safari,andBeyond Bateleur Camp,5190.0,2026-09-16,2,"OG WK34 collection sheet (property booking engine), stay 16-18 Sep 2026; collected 2026-08-17",Per-night = 2-night total US$10380 / LOS 2. Basis AI (prior; sheet carries no basis column).,AI,international,direct
2026-08-17,nairobi,Best Western Plus Westlands,120.75,2026-09-16,2,"OG WK34 collection sheet (property booking engine), stay 16-18 Sep 2026; collected 2026-08-17",Per-night = 2-night total US$241.5 / LOS 2. Basis BB (prior; sheet carries no basis column).,BB,international,direct
2026-08-17,nairobi,Fairview Hotel Nairobi,175.1,2026-09-16,2,"OG WK34 collection sheet (property booking engine), stay 16-18 Sep 2026; collected 2026-08-17",Per-night = 2-night total US$350.2 / LOS 2. Basis BB (prior; sheet carries no basis column).,BB,international,direct
2026-08-17,nairobi,JW Marriott Nairobi,376.0,2026-09-16,2,"OG WK34 collection sheet (property booking engine), stay 16-18 Sep 2026; collected 2026-08-17",Per-night = 2-night total US$752 / LOS 2. Basis BB (prior; sheet carries no basis column).,BB,international,direct
2026-08-17,nairobi,Nairobi Serena Hotel,221.0,2026-09-16,2,"OG WK34 collection sheet (property booking engine), stay 16-18 Sep 2026; collected 2026-08-17",Per-night = 2-night total US$442 / LOS 2. Basis BB (prior; sheet carries no basis column).,BB,international,direct
2026-08-17,nairobi,Radisson Blu Nairobi,234.3,2026-09-16,2,"OG WK34 collection sheet (property booking engine), stay 16-18 Sep 2026; collected 2026-08-17",Per-night = 2-night total US$468.6 / LOS 2. Basis BB (prior; sheet carries no basis column).,BB,international,direct
2026-08-17,nairobi,Sarova Stanley,235.8,2026-09-16,2,"OG WK34 collection sheet (property booking engine), stay 16-18 Sep 2026; collected 2026-08-17",Per-night = 2-night total US$471.6 / LOS 2. Basis BB (prior; sheet carries no basis column).,BB,international,direct
2026-08-17,nairobi,The Boma Hotel,141.0,2026-09-16,2,"OG WK34 collection sheet (property booking engine), stay 16-18 Sep 2026; collected 2026-08-17",Per-night = 2-night total US$282 / LOS 2. Basis BB (prior; sheet carries no basis column).,BB,international,direct
2026-08-17,nairobi,Villa Rosa Kempinski,204.43,2026-09-16,2,"OG WK34 collection sheet (property booking engine), stay 16-18 Sep 2026; collected 2026-08-17",Per-night = 2-night total US$408.86 / LOS 2. Basis BB (prior; sheet carries no basis column).,BB,international,direct
2026-08-17,lakekivu,Cormoran Lodge,105.0,2026-09-16,2,"OG WK34 collection sheet (property booking engine), stay 16-18 Sep 2026; collected 2026-08-17",Per-night = 2-night total US$210 / LOS 2. Basis BB (prior; sheet carries no basis column).,BB,international,direct
2026-08-17,lakekivu,Kivu Marina Bay Hotel,184.64,2026-09-16,2,"OG WK34 collection sheet (property booking engine), stay 16-18 Sep 2026; collected 2026-08-17",Per-night = 2-night total US$369.28 / LOS 2. Basis BB (prior; sheet carries no basis column).,BB,international,direct
2026-08-17,lakekivu,Lake Kivu Serena Hotel,279.0,2026-09-16,2,"OG WK34 collection sheet (property booking engine), stay 16-18 Sep 2026; collected 2026-08-17",Per-night = 2-night total US$558 / LOS 2. Basis BB (prior; sheet carries no basis column).,BB,international,direct
2026-08-17,lakekivu,Moriah Hill Resort,140.0,2026-09-16,2,"OG WK34 collection sheet (property booking engine), stay 16-18 Sep 2026; collected 2026-08-17",Per-night = 2-night total US$280 / LOS 2. Basis BB (prior; sheet carries no basis column).,BB,international,direct
2026-08-17,lakekivu,Palm Garden Resort,70.0,2026-09-16,2,"OG WK34 collection sheet (property booking engine), stay 16-18 Sep 2026; collected 2026-08-17",Per-night = 2-night total US$140 / LOS 2. Basis BB (prior; sheet carries no basis column).,BB,international,direct
2026-08-17,lakekivu,Paradise Kivu Resort,100.0,2026-09-16,2,"OG WK34 collection sheet (property booking engine), stay 16-18 Sep 2026; collected 2026-08-17",Per-night = 2-night total US$200 / LOS 2. Basis BB (prior; sheet carries no basis column).,BB,international,direct
2026-08-17,volcanoes,Bisate Lodge,7590.0,2026-09-16,2,"OG WK34 collection sheet (property booking engine), stay 16-18 Sep 2026; collected 2026-08-17",Per-night = 2-night total US$15180 / LOS 2. Basis FI (prior; sheet carries no basis column).,FI,international,direct
2026-08-17,volcanoes,Five Volcanoes Boutique Hotel,850.0,2026-09-16,2,"OG WK34 collection sheet (property booking engine), stay 16-18 Sep 2026; collected 2026-08-17",Per-night = 2-night total US$1700 / LOS 2. Basis FI (prior; sheet carries no basis column).,FI,international,direct
2026-08-17,volcanoes,Karenge Bush Camp (Akagera),516.0,2026-09-16,2,"OG WK34 collection sheet (property booking engine), stay 16-18 Sep 2026; collected 2026-08-17",Per-night = 2-night total US$1032 / LOS 2. Basis FI (prior; sheet carries no basis column).,FI,international,direct
2026-08-17,volcanoes,Magashi Camp (Akagera),2794.0,2026-09-16,2,"OG WK34 collection sheet (property booking engine), stay 16-18 Sep 2026; collected 2026-08-17",Per-night = 2-night total US$5588 / LOS 2. Basis FI (prior; sheet carries no basis column).,FI,international,direct
2026-08-17,volcanoes,Nyungwe House,3770.0,2026-09-16,2,"OG WK34 collection sheet (property booking engine), stay 16-18 Sep 2026; collected 2026-08-17",Per-night = 2-night total US$7540 / LOS 2. Basis FI (prior; sheet carries no basis column).,FI,international,direct
2026-08-17,volcanoes,One&Only Gorilla's Nest,8260.0,2026-09-16,2,"OG WK34 collection sheet (property booking engine), stay 16-18 Sep 2026; collected 2026-08-17",Per-night = 2-night total US$16520 / LOS 2. Basis FI (prior; sheet carries no basis column).,FI,international,direct
2026-08-17,volcanoes,Ruzizi Tented Lodge (Akagera),516.0,2026-09-16,2,"OG WK34 collection sheet (property booking engine), stay 16-18 Sep 2026; collected 2026-08-17",Per-night = 2-night total US$1032 / LOS 2. Basis FI (prior; sheet carries no basis column).,FI,international,direct
2026-08-17,volcanoes,Sabyinyo Silverback Lodge,4470.0,2026-09-16,2,"OG WK34 collection sheet (property booking engine), stay 16-18 Sep 2026; collected 2026-08-17",Per-night = 2-night total US$8940 / LOS 2. Basis FI (prior; sheet carries no basis column).,FI,international,direct
2026-08-17,volcanoes,Singita Kwitonda Lodge,7260.0,2026-09-16,2,"OG WK34 collection sheet (property booking engine), stay 16-18 Sep 2026; collected 2026-08-17",Per-night = 2-night total US$14520 / LOS 2. Basis FI (prior; sheet carries no basis column).,FI,international,direct
2026-08-17,volcanoes,Virunga Lodge,4410.0,2026-09-16,2,"OG WK34 collection sheet (property booking engine), stay 16-18 Sep 2026; collected 2026-08-17",Per-night = 2-night total US$8820 / LOS 2. Basis FI (prior; sheet carries no basis column).,FI,international,direct
2026-08-17,kigali,Kigali Marriott,301.0,2026-09-16,2,"OG WK34 collection sheet (property booking engine), stay 16-18 Sep 2026; collected 2026-08-17",Per-night = 2-night total US$602 / LOS 2. Basis BB (prior; sheet carries no basis column).,BB,international,direct
2026-08-17,kigali,Kigali Serena,178.5,2026-09-16,2,"OG WK34 collection sheet (property booking engine), stay 16-18 Sep 2026; collected 2026-08-17",Per-night = 2-night total US$357 / LOS 2. Basis BB (prior; sheet carries no basis column).,BB,international,direct
2026-08-17,kigali,Onomo Hotel Kigali,90.86,2026-09-16,2,"OG WK34 collection sheet (property booking engine), stay 16-18 Sep 2026; collected 2026-08-17",Per-night = 2-night total US$181.72 / LOS 2. Basis BB (prior; sheet carries no basis column).,BB,international,direct
2026-08-17,kigali,Park Inn by Radisson Kigali,99.84,2026-09-16,2,"OG WK34 collection sheet (property booking engine), stay 16-18 Sep 2026; collected 2026-08-17",Per-night = 2-night total US$199.68 / LOS 2. Basis BB (prior; sheet carries no basis column).,BB,international,direct
2026-08-17,kigali,Radisson Blu Hotel & Convention Centre Kigali,199.68,2026-09-16,2,"OG WK34 collection sheet (property booking engine), stay 16-18 Sep 2026; collected 2026-08-17",Per-night = 2-night total US$399.36 / LOS 2. Basis BB (prior; sheet carries no basis column).,BB,international,direct
2026-08-17,kigali,The Retreat by Heaven,870.0,2026-09-16,2,"OG WK34 collection sheet (property booking engine), stay 16-18 Sep 2026; collected 2026-08-17",Per-night = 2-night total US$1740 / LOS 2. Basis BB (prior; sheet carries no basis column).,BB,international,direct
2026-08-17,kigali,Ubumwe Grande,240.0,2026-09-16,2,"OG WK34 collection sheet (property booking engine), stay 16-18 Sep 2026; collected 2026-08-17",Per-night = 2-night total US$480 / LOS 2. Basis BB (prior; sheet carries no basis column).,BB,international,direct
2026-08-17,safari,Chem Chem Safari Lodge,3360.0,2026-09-16,2,"OG WK34 collection sheet (property booking engine), stay 16-18 Sep 2026; collected 2026-08-17",Per-night = 2-night total US$6720 / LOS 2. Basis FI (prior; sheet carries no basis column).,FI,international,direct
2026-08-17,safari,Four Seasons Safari Lodge Serengeti,4046.0,2026-09-16,2,"OG WK34 collection sheet (property booking engine), stay 16-18 Sep 2026; collected 2026-08-17",Per-night = 2-night total US$8092 / LOS 2. Basis FI (prior; sheet carries no basis column).,FI,international,direct
2026-08-17,safari,Mwiba Lodge,5240.0,2026-09-16,2,"OG WK34 collection sheet (property booking engine), stay 16-18 Sep 2026; collected 2026-08-17",Per-night = 2-night total US$10480 / LOS 2. Basis FI (prior; sheet carries no basis column).,FI,international,direct
2026-08-17,safari,One Nature Nyaruswigwa,5280.0,2026-09-16,2,"OG WK34 collection sheet (property booking engine), stay 16-18 Sep 2026; collected 2026-08-17",Per-night = 2-night total US$10560 / LOS 2. Basis FI (prior; sheet carries no basis column).,FI,international,direct
2026-08-17,safari,Sayari Tented Camp,5638.0,2026-09-16,2,"OG WK34 collection sheet (property booking engine), stay 16-18 Sep 2026; collected 2026-08-17",Per-night = 2-night total US$11276 / LOS 2. Basis FI (prior; sheet carries no basis column).,FI,international,direct
2026-08-17,safari,Serengeti Bushtops,2600.0,2026-09-16,2,"OG WK34 collection sheet (property booking engine), stay 16-18 Sep 2026; collected 2026-08-17",Per-night = 2-night total US$5200 / LOS 2. Basis FI (prior; sheet carries no basis column).,FI,international,direct
2026-08-17,safari,Singita Faru Faru Lodge,6440.0,2026-09-16,2,"OG WK34 collection sheet (property booking engine), stay 16-18 Sep 2026; collected 2026-08-17",Per-night = 2-night total US$12880 / LOS 2. Basis FI (prior; sheet carries no basis column).,FI,international,direct
2026-08-17,safari,Singita Sasakwa Lodge,7050.0,2026-09-16,2,"OG WK34 collection sheet (property booking engine), stay 16-18 Sep 2026; collected 2026-08-17",Per-night = 2-night total US$14100 / LOS 2. Basis FI (prior; sheet carries no basis column).,FI,international,direct
2026-08-17,safari,andBeyond Grumeti Serengeti,5040.0,2026-09-16,2,"OG WK34 collection sheet (property booking engine), stay 16-18 Sep 2026; collected 2026-08-17",Per-night = 2-night total US$10080 / LOS 2. Basis FI (prior; sheet carries no basis column).,FI,international,direct
2026-08-17,dar_arusha,Dar es Salaam Serena Hotel,199.0,2026-09-16,2,"OG WK34 collection sheet (property booking engine), stay 16-18 Sep 2026; collected 2026-08-17",Per-night = 2-night total US$398 / LOS 2. Basis BB (prior; sheet carries no basis column).,BB,international,direct
2026-08-17,dar_arusha,Gran Melia Arusha,379.0,2026-09-16,2,"OG WK34 collection sheet (property booking engine), stay 16-18 Sep 2026; collected 2026-08-17",Per-night = 2-night total US$758 / LOS 2. Basis BB (prior; sheet carries no basis column).,BB,international,direct
2026-08-17,dar_arusha,Hyatt Regency Dar es Salaam,323.25,2026-09-16,2,"OG WK34 collection sheet (property booking engine), stay 16-18 Sep 2026; collected 2026-08-17",Per-night = 2-night total US$646.5 / LOS 2. Basis BB (prior; sheet carries no basis column).,BB,international,direct
2026-08-17,dar_arusha,Protea Hotel Dar es Salaam Courtyard,155.0,2026-09-16,2,"OG WK34 collection sheet (property booking engine), stay 16-18 Sep 2026; collected 2026-08-17",Per-night = 2-night total US$310 / LOS 2. Basis BB (fallback (city); sheet carries no basis column).,BB,international,direct
2026-08-17,dar_arusha,Sea Cliff Hotel,227.0,2026-09-16,2,"OG WK34 collection sheet (property booking engine), stay 16-18 Sep 2026; collected 2026-08-17",Per-night = 2-night total US$454 / LOS 2. Basis BB (fallback (city); sheet carries no basis column).,BB,international,direct
2026-08-17,lakevictoria,Lake Victoria Serena Golf Resort,304.3,2026-09-16,2,"OG WK34 collection sheet (property booking engine), stay 16-18 Sep 2026; collected 2026-08-17",Per-night = 2-night total US$608.6 / LOS 2. Basis BB (prior; sheet carries no basis column).,BB,international,direct
2026-08-17,lakevictoria,Munyonyo Commonwealth Resort,182.0,2026-09-16,2,"OG WK34 collection sheet (property booking engine), stay 16-18 Sep 2026; collected 2026-08-17",Per-night = 2-night total US$364 / LOS 2. Basis BB (prior; sheet carries no basis column).,BB,international,direct
2026-08-17,lakevictoria,Pineapple Bay Resort,300.0,2026-09-16,2,"OG WK34 collection sheet (property booking engine), stay 16-18 Sep 2026; collected 2026-08-17",Per-night = 2-night total US$600 / LOS 2. Basis BB (prior; sheet carries no basis column).,BB,international,direct
2026-08-17,lakevictoria,Protea Hotel by Marriott Entebbe,301.0,2026-09-16,2,"OG WK34 collection sheet (property booking engine), stay 16-18 Sep 2026; collected 2026-08-17",Per-night = 2-night total US$602 / LOS 2. Basis BB (prior; sheet carries no basis column).,BB,international,direct
2026-08-17,kampala,Speke Resort Munyonyo,182.0,2026-09-16,2,"OG WK34 collection sheet (property booking engine), stay 16-18 Sep 2026; collected 2026-08-17",Per-night = 2-night total US$364 / LOS 2. Basis BB (fallback (beach); sheet carries no basis column).,BB,international,direct
2026-08-17,bwindi,Bwindi Lodge,3010.0,2026-09-16,2,"OG WK34 collection sheet (property booking engine), stay 16-18 Sep 2026; collected 2026-08-17",Per-night = 2-night total US$6020 / LOS 2. Basis FI (prior; sheet carries no basis column).,FI,international,direct
2026-08-17,bwindi,Clouds Mountain Gorilla Lodge,3240.0,2026-09-16,2,"OG WK34 collection sheet (property booking engine), stay 16-18 Sep 2026; collected 2026-08-17",Per-night = 2-night total US$6480 / LOS 2. Basis FI (prior; sheet carries no basis column).,FI,international,direct
2026-08-17,bwindi,Engagi Lodge,556.0,2026-09-16,2,"OG WK34 collection sheet (property booking engine), stay 16-18 Sep 2026; collected 2026-08-17",Per-night = 2-night total US$1112 / LOS 2. Basis FI (prior; sheet carries no basis column).,FI,international,direct
2026-08-17,bwindi,Erebero Hills (Asilia),4891.0,2026-09-16,2,"OG WK34 collection sheet (property booking engine), stay 16-18 Sep 2026; collected 2026-08-17",Per-night = 2-night total US$9782 / LOS 2. Basis FI (prior; sheet carries no basis column).,FI,international,direct
2026-08-17,bwindi,Kyambura Gorge Lodge,3140.0,2026-09-16,2,"OG WK34 collection sheet (property booking engine), stay 16-18 Sep 2026; collected 2026-08-17",Per-night = 2-night total US$6280 / LOS 2. Basis FI (prior; sheet carries no basis column).,FI,international,direct
2026-08-17,bwindi,Mahogany Springs Lodge,840.0,2026-09-16,2,"OG WK34 collection sheet (property booking engine), stay 16-18 Sep 2026; collected 2026-08-17",Per-night = 2-night total US$1680 / LOS 2. Basis FI (prior; sheet carries no basis column).,FI,international,direct
2026-08-17,bwindi,Nkuringo Bwindi Gorilla Lodge,1264.0,2026-09-16,2,"OG WK34 collection sheet (property booking engine), stay 16-18 Sep 2026; collected 2026-08-17",Per-night = 2-night total US$2528 / LOS 2. Basis FI (prior; sheet carries no basis column).,FI,international,direct
2026-08-17,bwindi,Primate Lodge Kibale,1200.0,2026-09-16,2,"OG WK34 collection sheet (property booking engine), stay 16-18 Sep 2026; collected 2026-08-17",Per-night = 2-night total US$2400 / LOS 2. Basis FI (prior; sheet carries no basis column).,FI,international,direct
2026-08-17,bwindi,Sanctuary Gorilla Forest Camp,4880.0,2026-09-16,2,"OG WK34 collection sheet (property booking engine), stay 16-18 Sep 2026; collected 2026-08-17",Per-night = 2-night total US$9760 / LOS 2. Basis FI (prior; sheet carries no basis column).,FI,international,direct
2026-08-17,kampala,Four Points by Sheraton Kampala,213.64,2026-09-16,2,"OG WK34 collection sheet (property booking engine), stay 16-18 Sep 2026; collected 2026-08-17",Per-night = 2-night total US$427.28 / LOS 2. Basis BB (prior; sheet carries no basis column).,BB,international,direct
2026-08-17,kampala,Golden Tulip Canaan Kampala,180.5,2026-09-16,2,"OG WK34 collection sheet (property booking engine), stay 16-18 Sep 2026; collected 2026-08-17",Per-night = 2-night total US$361 / LOS 2. Basis BB (prior; sheet carries no basis column).,BB,international,direct
2026-08-17,kampala,Hilton Garden Inn Kampala,162.0,2026-09-16,2,"OG WK34 collection sheet (property booking engine), stay 16-18 Sep 2026; collected 2026-08-17",Per-night = 2-night total US$324 / LOS 2. Basis BB (prior; sheet carries no basis column).,BB,international,direct
2026-08-17,kampala,Hotel Africana,150.0,2026-09-16,2,"OG WK34 collection sheet (property booking engine), stay 16-18 Sep 2026; collected 2026-08-17",Per-night = 2-night total US$300 / LOS 2. Basis BB (prior; sheet carries no basis column).,BB,international,direct
2026-08-17,kampala,Kabira Country Club,140.0,2026-09-16,2,"OG WK34 collection sheet (property booking engine), stay 16-18 Sep 2026; collected 2026-08-17",Per-night = 2-night total US$280 / LOS 2. Basis BB (prior; sheet carries no basis column).,BB,international,direct
2026-08-17,kampala,Kampala Serena,187.0,2026-09-16,2,"OG WK34 collection sheet (property booking engine), stay 16-18 Sep 2026; collected 2026-08-17",Per-night = 2-night total US$374 / LOS 2. Basis BB (prior; sheet carries no basis column).,BB,international,direct
2026-08-17,kampala,Latitude 0 Degrees,176.0,2026-09-16,2,"OG WK34 collection sheet (property booking engine), stay 16-18 Sep 2026; collected 2026-08-17",Per-night = 2-night total US$352 / LOS 2. Basis BB (prior; sheet carries no basis column).,BB,international,direct
2026-08-17,kampala,Mestil Hotel & Residences,182.0,2026-09-16,2,"OG WK34 collection sheet (property booking engine), stay 16-18 Sep 2026; collected 2026-08-17",Per-night = 2-night total US$364 / LOS 2. Basis BB (prior; sheet carries no basis column).,BB,international,direct
2026-08-17,kampala,Pearl of Africa Hotel,250.0,2026-09-16,2,"OG WK34 collection sheet (property booking engine), stay 16-18 Sep 2026; collected 2026-08-17",Per-night = 2-night total US$500 / LOS 2. Basis BB (prior; sheet carries no basis column).,BB,international,direct
2026-08-17,zanzibar,Baraza Resort & Spa,1421.62,2026-09-16,2,"OG WK34 collection sheet (property booking engine), stay 16-18 Sep 2026; collected 2026-08-17",Per-night = 2-night total US$2843.23 / LOS 2. Basis AI (prior; sheet carries no basis column).,AI,international,direct
2026-08-17,zanzibar,Breezes Beach Club & Spa,596.01,2026-09-16,2,"OG WK34 collection sheet (property booking engine), stay 16-18 Sep 2026; collected 2026-08-17",Per-night = 2-night total US$1192.02 / LOS 2. Basis HB (prior; sheet carries no basis column).,HB,international,direct
2026-08-17,zanzibar,Essque Zalu Zanzibar,260.0,2026-09-16,2,"OG WK34 collection sheet (property booking engine), stay 16-18 Sep 2026; collected 2026-08-17",Per-night = 2-night total US$520 / LOS 2. Basis BB (prior; sheet carries no basis column).,BB,international,direct
2026-08-17,zanzibar,Melia Zanzibar,390.0,2026-09-16,2,"OG WK34 collection sheet (property booking engine), stay 16-18 Sep 2026; collected 2026-08-17",Per-night = 2-night total US$780 / LOS 2. Basis AI (prior; sheet carries no basis column).,AI,international,direct
2026-08-17,zanzibar,Mnemba Island Lodge,6000.0,2026-09-16,2,"OG WK34 collection sheet (property booking engine), stay 16-18 Sep 2026; collected 2026-08-17",Per-night = 2-night total US$12000 / LOS 2. Basis AI (prior; sheet carries no basis column).,AI,international,direct
2026-08-17,zanzibar,The Residence Zanzibar,675.0,2026-09-16,2,"OG WK34 collection sheet (property booking engine), stay 16-18 Sep 2026; collected 2026-08-17",Per-night = 2-night total US$1350 / LOS 2. Basis HB (prior; sheet carries no basis column).,HB,international,direct
2026-08-17,zanzibar,White Sand Luxury Villas,1600.0,2026-09-16,2,"OG WK34 collection sheet (property booking engine), stay 16-18 Sep 2026; collected 2026-08-17",Per-night = 2-night total US$3200 / LOS 2. Basis HB (prior; sheet carries no basis column).,HB,international,direct
2026-08-17,zanzibar,Zuri Zanzibar,1160.0,2026-09-16,2,"OG WK34 collection sheet (property booking engine), stay 16-18 Sep 2026; collected 2026-08-17",Per-night = 2-night total US$2320 / LOS 2. Basis HB (prior; sheet carries no basis column).,HB,international,direct
2026-08-17,kampala,Sheraton Kampala,233.28,2026-09-16,2,"OG WK34 collection sheet (property booking engine), stay 16-18 Sep 2026; collected 2026-08-17",Per-night = 2-night total US$466.56 / LOS 2. Basis BB (prior). Re-filed from a name-collision that mis-assigned this to Four Points by Sheraton Kampala.,BB,international,direct
2026-08-17,coast,Coral Cove Resort,360.0,2026-09-16,2,OG WK34 collection sheet — OTA FALLBACK (Booking.com); no direct rate available; stay 16-18 Sep 2026; collected 2026-08-17,"Per-night = 2-night OTA total US$720 / LOS 2. Basis BB (prior). Direct unavailable, OTA used per collection convention.",BB,international,direct
2026-08-17,lakekivu,Bethany Hotel Kibuye,68.64,2026-09-16,2,OG WK34 collection sheet — OTA FALLBACK (Expedia.com); no direct rate available; stay 16-18 Sep 2026; collected 2026-08-17,"Per-night = 2-night OTA total US$137.28 / LOS 2. Basis BB (fallback (beach)). Direct unavailable, OTA used per collection convention.",BB,international,direct
2026-08-17,lakekivu,Gorillas Lake Kivu Hotel,122.5,2026-09-16,2,OG WK34 collection sheet — OTA FALLBACK (Booking.com); no direct rate available; stay 16-18 Sep 2026; collected 2026-08-17,"Per-night = 2-night OTA total US$245 / LOS 2. Basis BB (fallback (beach)). Direct unavailable, OTA used per collection convention.",BB,international,direct
2026-08-17,lakekivu,Home Saint Jean,70.0,2026-09-16,2,OG WK34 collection sheet — OTA FALLBACK (Booking.com); no direct rate available; stay 16-18 Sep 2026; collected 2026-08-17,"Per-night = 2-night OTA total US$140 / LOS 2. Basis BB (fallback (beach)). Direct unavailable, OTA used per collection convention.",BB,international,direct
2026-08-17,lakekivu,Kibuye Guesthouse,172.5,2026-09-16,2,OG WK34 collection sheet — OTA FALLBACK (Booking.com); no direct rate available; stay 16-18 Sep 2026; collected 2026-08-17,"Per-night = 2-night OTA total US$345 / LOS 2. Basis BB (fallback (beach)). Direct unavailable, OTA used per collection convention.",BB,international,direct
2026-08-17,kigali,2000 Hotel Downtown Kigali,95.5,2026-09-16,2,OG WK34 collection sheet — OTA FALLBACK (Booking.com); no direct rate available; stay 16-18 Sep 2026; collected 2026-08-17,"Per-night = 2-night OTA total US$191 / LOS 2. Basis BB (fallback (city)). Direct unavailable, OTA used per collection convention.",BB,international,direct
2026-08-17,kigali,Heaven Boutique Hotel,112.5,2026-09-16,2,OG WK34 collection sheet — OTA FALLBACK (Booking.com); no direct rate available; stay 16-18 Sep 2026; collected 2026-08-17,"Per-night = 2-night OTA total US$225 / LOS 2. Basis BB (fallback (city)). Direct unavailable, OTA used per collection convention.",BB,international,direct
2026-08-17,kigali,Hotel Des Mille Collines,199.0,2026-09-16,2,OG WK34 collection sheet — OTA FALLBACK (Booking.com); no direct rate available; stay 16-18 Sep 2026; collected 2026-08-17,"Per-night = 2-night OTA total US$398 / LOS 2. Basis BB (fallback (city)). Direct unavailable, OTA used per collection convention.",BB,international,direct
2026-08-17,dar_arusha,Blackwood Boutique Hotel,97.5,2026-09-16,2,OG WK34 collection sheet — OTA FALLBACK (Booking.com); no direct rate available; stay 16-18 Sep 2026; collected 2026-08-17,"Per-night = 2-night OTA total US$195 / LOS 2. Basis BB (fallback (city)). Direct unavailable, OTA used per collection convention.",BB,international,direct
2026-08-17,lakevictoria,Brovad Sands Lodge,123.37,2026-09-16,2,OG WK34 collection sheet — OTA FALLBACK (Expedia.com); no direct rate available; stay 16-18 Sep 2026; collected 2026-08-17,"Per-night = 2-night OTA total US$246.74 / LOS 2. Basis BB (fallback (beach)). Direct unavailable, OTA used per collection convention.",BB,international,direct
2026-08-17,lakevictoria,Imperial Resort Beach Entebbe,213.4,2026-09-16,2,OG WK34 collection sheet — OTA FALLBACK (Expedia.com); no direct rate available; stay 16-18 Sep 2026; collected 2026-08-17,"Per-night = 2-night OTA total US$426.8 / LOS 2. Basis BB (fallback (beach)). Direct unavailable, OTA used per collection convention.",BB,international,direct
2026-08-17,lakevictoria,Wildwaters Lodge,911.0,2026-09-16,2,OG WK34 collection sheet — OTA FALLBACK (unnamed OTA); no direct rate available; stay 16-18 Sep 2026; collected 2026-08-17,"Per-night = 2-night OTA total US$1822 / LOS 2. Basis FB (OG confirmed). Direct unavailable, OTA used per collection convention.",FB,international,direct
2026-08-17,bwindi,Buhoma Lodge,1070.0,2026-09-16,2,OG WK34 collection sheet — OTA FALLBACK (https://gorilla.safari.co.za/pricing_buhoma-lodge.html); no direct rate available; stay 16-18 Sep 2026; collected 2026-08-17,"Per-night = 2-night OTA total US$2140 / LOS 2. Basis FI (OG confirmed). Direct unavailable, OTA used per collection convention.",FI,international,direct
2026-08-18,nairobi,Fairview Hotel Nairobi,172,2026-09-17,2,"Google Hotels via SerpApi, 2026-08-18","Matched 'Fairview Hotel Nairobi, Vignette Collection by IHG' (similarity 0.62); lowest displayed nightly rate, inclusions not stated by Google.",UNK,international,ota
2026-08-18,nairobi,Radisson Blu Nairobi,213,2026-09-17,2,"Google Hotels via SerpApi, 2026-08-18","Matched 'Radisson Blu Hotel, Nairobi Upper Hill' (similarity 0.70); lowest displayed nightly rate, inclusions not stated by Google.",UNK,international,ota
2026-08-20,nairobi,Best Western Plus Westlands,63,2026-09-19,2,"Google Hotels via SerpApi, 2026-08-20","Matched 'Best Western Plus Meridian Hotel' (similarity 0.71); lowest displayed nightly rate, inclusions not stated by Google.",UNK,international,ota
2026-08-21,nairobi,Four Points by Sheraton Nairobi,216,2026-09-20,2,"Google Hotels via SerpApi, 2026-08-21","Matched 'Four Points by Sheraton Nairobi Airport' (similarity 0.89); lowest displayed nightly rate, inclusions not stated by Google.",UNK,international,ota
2026-08-22,coast,Serena Beach Resort & Spa,209,2026-09-21,2,"Google Hotels via SerpApi, 2026-08-22","Matched 'Serena Beach Resort & Spa' (similarity 1.00); lowest displayed nightly rate, inclusions not stated by Google.",UNK,international,ota
2026-08-24,nairobi,Nairobi Serena Hotel,189,2026-09-23,2,"Google Hotels via SerpApi, 2026-08-24","Matched 'Nairobi Serena Hotel' (similarity 1.00); lowest displayed nightly rate, inclusions not stated by Google.",UNK,international,ota
2026-08-24,nairobi,JW Marriott Nairobi,326,2026-09-23,2,"Google Hotels via SerpApi, 2026-08-24","Matched 'JW Marriott Hotel Nairobi' (similarity 0.86); lowest displayed nightly rate, inclusions not stated by Google.",UNK,international,ota
2026-08-25,nairobi,Hemingways Nairobi,2528,2026-09-24,2,"Google Hotels via SerpApi, 2026-08-25","Matched 'Hemingways Nairobi' (similarity 1.00); lowest displayed nightly rate, inclusions not stated by Google.",UNK,international,ota
2026-08-25,nairobi,Radisson Blu Nairobi,196,2026-09-24,2,"Google Hotels via SerpApi, 2026-08-25","Matched 'Radisson Blu Hotel, Nairobi Upper Hill' (similarity 0.70); lowest displayed nightly rate, inclusions not stated by Google.",UNK,international,ota
2026-08-28,nairobi,Fairview Hotel Nairobi,195,2026-09-27,2,"Google Hotels via SerpApi, 2026-08-28","Matched 'Fairview Hotel Nairobi, Vignette Collection by IHG' (similarity 0.62); lowest displayed nightly rate, inclusions not stated by Google.",UNK,international,ota
2026-08-29,nairobi,Best Western Plus Westlands,59,2026-09-28,2,"Google Hotels via SerpApi, 2026-08-29","Matched 'Best Western Plus Meridian Hotel' (similarity 0.71); lowest displayed nightly rate, inclusions not stated by Google.",UNK,international,ota
2026-08-24,coast,Almanara Luxury Villas,980.0,2026-09-23,2,"almanara.co.ke — EA Pulse weekly collection sheet, checked 2026-08-24 by OG",Site quoted total for 2-night stay; /2 to per-room per night.,BB,international,direct
2026-08-24,coast,Baobab Beach Resort,315.0,2026-09-23,2,"baobab-beach.com — EA Pulse weekly collection sheet, checked 2026-08-24 by OG",Site quoted total for 2-night stay; /2 to per-room per night.,BB,international,direct
2026-08-24,coast,Coral Cove Resort,360.0,2026-09-23,2,"coralcoveltd.com — EA Pulse weekly collection sheet, checked 2026-08-24 by OG — via Booking.com",Site quoted total for 2-night stay; /2 to per-room per night.,BB,international,ota
2026-08-24,coast,Diamonds Leisure Beach & Golf Resort,296.0,2026-09-23,2,"diamondsleisure.com — EA Pulse weekly collection sheet, checked 2026-08-24 by OG",Site quoted total for 2-night stay; /2 to per-room per night.,BB,international,direct
2026-08-24,coast,Diani Reef Beach Resort,201.0,2026-09-23,2,"dianireef.com — EA Pulse weekly collection sheet, checked 2026-08-24 by OG",Site quoted total for 2-night stay; /2 to per-room per night.,BB,international,direct
2026-08-24,coast,Jacaranda Indian Ocean Beach Resort,123.83,2026-09-23,2,"jacarandahotels.com — EA Pulse weekly collection sheet, checked 2026-08-24 by OG",Site quoted total for 2-night stay; /2 to per-room per night.,BB,international,direct
2026-08-24,coast,Leopard Beach Resort,211.5,2026-09-23,2,"leopardbeachresort.com — EA Pulse weekly collection sheet, checked 2026-08-24 by OG",Site quoted total for 2-night stay; /2 to per-room per night.,BB,international,direct
2026-08-24,coast,Swahili Beach,285.2,2026-09-23,2,"swahilibeach.com — EA Pulse weekly collection sheet, checked 2026-08-24 by OG",Site quoted total for 2-night stay; /2 to per-room per night.,BB,international,direct
2026-08-24,coast,The Sands at Nomad,430.0,2026-09-23,2,"thesandsatnomad.com — EA Pulse weekly collection sheet, checked 2026-08-24 by OG",Site quoted total for 2-night stay; /2 to per-room per night.,BB,international,direct
2026-08-24,safari,Angama Mara,5500.0,2026-09-23,2,"angama.com — EA Pulse weekly collection sheet, checked 2026-08-24 by OG","Site quoted total for 2-night stay; /2 to per-room per night. Basis recorded as UNK: the collection sheet only captured 'FB' for all safari camps, which does not distinguish FB from the richer FI/FB+ used in this ledger. Needs per-property confirmation before a specific code is assigned.",UNK,international,direct
2026-08-24,safari,Cottar's 1920s Safari Camp,4400.0,2026-09-23,2,"cottars.com — EA Pulse weekly collection sheet, checked 2026-08-24 by OG","Site quoted total for 2-night stay; /2 to per-room per night. Basis recorded as UNK: the collection sheet only captured 'FB' for all safari camps, which does not distinguish FB from the richer FI/FB+ used in this ledger. Needs per-property confirmation before a specific code is assigned.",UNK,international,direct
2026-08-24,safari,Governors' Camp,3992.0,2026-09-23,2,"governorscamp.com — EA Pulse weekly collection sheet, checked 2026-08-24 by OG","Site quoted total for 2-night stay; /2 to per-room per night. Basis recorded as UNK: the collection sheet only captured 'FB' for all safari camps, which does not distinguish FB from the richer FI/FB+ used in this ledger. Needs per-property confirmation before a specific code is assigned.",UNK,international,direct
2026-08-24,safari,JW Marriott Masai Mara Lodge,4851.0,2026-09-23,2,"marriott.com — EA Pulse weekly collection sheet, checked 2026-08-24 by OG","Site quoted total for 2-night stay; /2 to per-room per night. Basis recorded as UNK: the collection sheet only captured 'FB' for all safari camps, which does not distinguish FB from the richer FI/FB+ used in this ledger. Needs per-property confirmation before a specific code is assigned.",UNK,international,direct
2026-08-24,safari,Mahali Mzuri,5200.0,2026-09-23,2,"virginlimitededition.com — EA Pulse weekly collection sheet, checked 2026-08-24 by OG","Site quoted total for 2-night stay; /2 to per-room per night. Basis recorded as UNK: the collection sheet only captured 'FB' for all safari camps, which does not distinguish FB from the richer FI/FB+ used in this ledger. Needs per-property confirmation before a specific code is assigned.",UNK,international,direct
2026-08-24,safari,Mara Plains Camp,3490.0,2026-09-23,2,"https://greatplainsconservation.com/mara-plains-luxury-safari-camp-in-kenya/ — EA Pulse weekly collection sheet, checked 2026-08-24 by OG","Site quoted total for 2-night stay; /2 to per-room per night. Basis recorded as UNK: the collection sheet only captured 'FB' for all safari camps, which does not distinguish FB from the richer FI/FB+ used in this ledger. Needs per-property confirmation before a specific code is assigned.",UNK,international,direct
2026-08-24,safari,Mara Serena Safari Lodge,890.0,2026-09-23,2,"https://www.serenahotels.com/mara/ — EA Pulse weekly collection sheet, checked 2026-08-24 by OG","Site quoted total for 2-night stay; /2 to per-room per night. Basis recorded as UNK: the collection sheet only captured 'FB' for all safari camps, which does not distinguish FB from the richer FI/FB+ used in this ledger. Needs per-property confirmation before a specific code is assigned.",UNK,international,direct
2026-08-24,safari,Olare Mara Kempinski,1941.0,2026-09-23,2,"kempinski.com — EA Pulse weekly collection sheet, checked 2026-08-24 by OG","Site quoted total for 2-night stay; /2 to per-room per night. Basis recorded as UNK: the collection sheet only captured 'FB' for all safari camps, which does not distinguish FB from the richer FI/FB+ used in this ledger. Needs per-property confirmation before a specific code is assigned.",UNK,international,direct
2026-08-24,safari,Sanctuary Olonana,4900.0,2026-09-23,2,"https://www.abercrombiekent.com/stays/safari-lodges/olonana-lodge#journey-dates-prices — EA Pulse weekly collection sheet, checked 2026-08-24 by OG","Site quoted total for 2-night stay; /2 to per-room per night. Basis recorded as UNK: the collection sheet only captured 'FB' for all safari camps, which does not distinguish FB from the richer FI/FB+ used in this ledger. Needs per-property confirmation before a specific code is assigned.",UNK,international,direct
2026-08-24,safari,andBeyond Bateleur Camp,5190.0,2026-09-23,2,"andbeyond.com — EA Pulse weekly collection sheet, checked 2026-08-24 by OG","Site quoted total for 2-night stay; /2 to per-room per night. Basis recorded as UNK: the collection sheet only captured 'FB' for all safari camps, which does not distinguish FB from the richer FI/FB+ used in this ledger. Needs per-property confirmation before a specific code is assigned.",UNK,international,direct
2026-08-24,nairobi,Best Western Plus Westlands,113.0,2026-09-23,2,"bestwestern.com — EA Pulse weekly collection sheet, checked 2026-08-24 by OG",Site quoted total for 2-night stay; /2 to per-room per night.,BB,international,direct
2026-08-24,nairobi,Crowne Plaza Nairobi Airport,263.36,2026-09-23,2,"ihg.com — EA Pulse weekly collection sheet, checked 2026-08-24 by OG",Site quoted total for 2-night stay; /2 to per-room per night.,BB,international,direct
2026-08-24,nairobi,Fairview Hotel Nairobi,180.5,2026-09-23,2,"fairviewkenya.com — EA Pulse weekly collection sheet, checked 2026-08-24 by OG",Site quoted total for 2-night stay; /2 to per-room per night.,BB,international,direct
2026-08-24,nairobi,JW Marriott Nairobi,376.0,2026-09-23,2,"marriott.com — EA Pulse weekly collection sheet, checked 2026-08-24 by OG",Site quoted total for 2-night stay; /2 to per-room per night.,BB,international,direct
2026-08-24,nairobi,Nairobi Serena Hotel,221.0,2026-09-23,2,"serenahotels.com — EA Pulse weekly collection sheet, checked 2026-08-24 by OG",Site quoted total for 2-night stay; /2 to per-room per night.,BB,international,direct
2026-08-24,nairobi,Radisson Blu Nairobi,226.33,2026-09-23,2,"radissonhotels.com — EA Pulse weekly collection sheet, checked 2026-08-24 by OG",Site quoted total for 2-night stay; /2 to per-room per night.,BB,international,direct
2026-08-24,nairobi,Sarova Stanley,235.8,2026-09-23,2,"sarovahotels.com — EA Pulse weekly collection sheet, checked 2026-08-24 by OG",Site quoted total for 2-night stay; /2 to per-room per night.,BB,international,direct
2026-08-24,nairobi,The Boma Hotel,161.0,2026-09-23,2,"thebomahotel.com — EA Pulse weekly collection sheet, checked 2026-08-24 by OG",Site quoted total for 2-night stay; /2 to per-room per night.,BB,international,direct
2026-08-24,nairobi,Villa Rosa Kempinski,221.5,2026-09-23,2,"kempinski.com — EA Pulse weekly collection sheet, checked 2026-08-24 by OG",Site quoted total for 2-night stay; /2 to per-room per night.,BB,international,direct
2026-08-24,lakekivu,Bethany Hotel Kibuye,69.61,2026-09-23,2,"EA Pulse weekly collection sheet, checked 2026-08-24 by OG — via Expedia.com",Site quoted total for 2-night stay; /2 to per-room per night.,BB,international,ota
2026-08-24,lakekivu,Cormoran Lodge,105.0,2026-09-23,2,"cormoranlodge.com — EA Pulse weekly collection sheet, checked 2026-08-24 by OG",Site quoted total for 2-night stay; /2 to per-room per night.,BB,international,direct
2026-08-24,lakekivu,Gorillas Lake Kivu Hotel,122.5,2026-09-23,2,"EA Pulse weekly collection sheet, checked 2026-08-24 by OG — via Booking.com",Site quoted total for 2-night stay; /2 to per-room per night.,BB,international,ota
2026-08-24,lakekivu,Home Saint Jean,70.0,2026-09-23,2,"EA Pulse weekly collection sheet, checked 2026-08-24 by OG — via Booking.com",Site quoted total for 2-night stay; /2 to per-room per night.,BB,international,ota
2026-08-24,lakekivu,Kibuye Guesthouse,178.5,2026-09-23,2,"EA Pulse weekly collection sheet, checked 2026-08-24 by OG — via Booking.com",Site quoted total for 2-night stay; /2 to per-room per night.,BB,international,ota
2026-08-24,lakekivu,Kivu Marina Bay Hotel,184.64,2026-09-23,2,"https://all.accor.com/booking/en/mantis/hotel/B6Y6 — EA Pulse weekly collection sheet, checked 2026-08-24 by OG",Site quoted total for 2-night stay; /2 to per-room per night.,BB,international,direct
2026-08-24,lakekivu,Lake Kivu Serena Hotel,279.0,2026-09-23,2,"serenahotels.com — EA Pulse weekly collection sheet, checked 2026-08-24 by OG",Site quoted total for 2-night stay; /2 to per-room per night.,BB,international,direct
2026-08-24,lakekivu,Moriah Hill Resort,140.0,2026-09-23,2,"https://moriah-hill.com — EA Pulse weekly collection sheet, checked 2026-08-24 by OG",Site quoted total for 2-night stay; /2 to per-room per night.,BB,international,direct
2026-08-24,lakekivu,Palm Garden Resort,130.0,2026-09-23,2,"https://palmgardenlodge.com — EA Pulse weekly collection sheet, checked 2026-08-24 by OG",Site quoted total for 2-night stay; /2 to per-room per night.,BB,international,direct
2026-08-24,lakekivu,Paradise Kivu Resort,100.0,2026-09-23,2,"https://www.paradisekivu.com/ — EA Pulse weekly collection sheet, checked 2026-08-24 by OG",Site quoted total for 2-night stay; /2 to per-room per night.,BB,international,direct
2026-08-24,volcanoes,Bisate Lodge,7590.0,2026-09-23,2,"wildernessdestinations.com — EA Pulse weekly collection sheet, checked 2026-08-24 by OG",Site quoted total for 2-night stay; /2 to per-room per night.,FB,international,direct
2026-08-24,volcanoes,Five Volcanoes Boutique Hotel,850.0,2026-09-23,2,"https://fivevolcanoesrwanda.com/ — EA Pulse weekly collection sheet, checked 2026-08-24 by OG",Site quoted total for 2-night stay; /2 to per-room per night.,FB,international,direct
2026-08-24,volcanoes,Karenge Bush Camp (Akagera),516.0,2026-09-23,2,"https://visitakagera.org/karenge-bush-camp/ — EA Pulse weekly collection sheet, checked 2026-08-24 by OG",Site quoted total for 2-night stay; /2 to per-room per night.,FB,international,direct
2026-08-24,volcanoes,Magashi Camp (Akagera),2794.0,2026-09-23,2,"https://www.wildernessdestinations.com/africa/rwanda/akagera-national-park/magashi-camp — EA Pulse weekly collection sheet, checked 2026-08-24 by OG",Site quoted total for 2-night stay; /2 to per-room per night.,FB,international,direct
2026-08-24,volcanoes,Nyungwe House,3770.0,2026-09-23,2,"oneandonlyresorts.com — EA Pulse weekly collection sheet, checked 2026-08-24 by OG",Site quoted total for 2-night stay; /2 to per-room per night.,FB,international,direct
2026-08-24,volcanoes,One&Only Gorilla's Nest,8260.0,2026-09-23,2,"oneandonlyresorts.com — EA Pulse weekly collection sheet, checked 2026-08-24 by OG",Site quoted total for 2-night stay; /2 to per-room per night.,FB,international,direct
2026-08-24,volcanoes,Ruzizi Tented Lodge (Akagera),516.0,2026-09-23,2,"akageranationalpark.org — EA Pulse weekly collection sheet, checked 2026-08-24 by OG",Site quoted total for 2-night stay; /2 to per-room per night.,FB,international,direct
2026-08-24,volcanoes,Sabyinyo Silverback Lodge,4470.0,2026-09-23,2,"sabyinyolodge.com — EA Pulse weekly collection sheet, checked 2026-08-24 by OG",Site quoted total for 2-night stay; /2 to per-room per night.,FB,international,direct
2026-08-24,volcanoes,Singita Kwitonda Lodge,7260.0,2026-09-23,2,"https://singita.com/lodge/singita-kwitonda-lodge/information/ — EA Pulse weekly collection sheet, checked 2026-08-24 by OG",Site quoted total for 2-night stay; /2 to per-room per night.,FB,international,direct
2026-08-24,volcanoes,Virunga Lodge,4410.0,2026-09-23,2,"https://virungalodge.com/ — EA Pulse weekly collection sheet, checked 2026-08-24 by OG",Site quoted total for 2-night stay; /2 to per-room per night.,FB,international,direct
2026-08-24,kigali,2000 Hotel Downtown Kigali,82.5,2026-09-23,2,"https://www.2000hotel.com/ — EA Pulse weekly collection sheet, checked 2026-08-24 by OG — via Booking.com",Site quoted total for 2-night stay; /2 to per-room per night.,BB,international,ota
2026-08-24,kigali,Heaven Boutique Hotel,104.0,2026-09-23,2,"heavenrwanda.com — EA Pulse weekly collection sheet, checked 2026-08-24 by OG — via Booking.com",Site quoted total for 2-night stay; /2 to per-room per night.,BB,international,ota
2026-08-24,kigali,Hotel Des Mille Collines,199.0,2026-09-23,2,"millecollineshotel.com — EA Pulse weekly collection sheet, checked 2026-08-24 by OG — via Booking.com",Site quoted total for 2-night stay; /2 to per-room per night.,BB,international,ota
2026-08-24,kigali,Kigali Marriott,245.21,2026-09-23,2,"marriott.com — EA Pulse weekly collection sheet, checked 2026-08-24 by OG",Site quoted total for 2-night stay; /2 to per-room per night.,BB,international,direct
2026-08-24,kigali,Kigali Serena,178.5,2026-09-23,2,"serenahotels.com — EA Pulse weekly collection sheet, checked 2026-08-24 by OG",Site quoted total for 2-night stay; /2 to per-room per night.,BB,international,direct
2026-08-24,kigali,Onomo Hotel Kigali,191.73,2026-09-23,2,"onomohotels.com — EA Pulse weekly collection sheet, checked 2026-08-24 by OG",Site quoted total for 2-night stay; /2 to per-room per night.,BB,international,direct
2026-08-24,kigali,Park Inn by Radisson Kigali,210.01,2026-09-23,2,"radissonhotels.com — EA Pulse weekly collection sheet, checked 2026-08-24 by OG",Site quoted total for 2-night stay; /2 to per-room per night.,BB,international,direct
2026-08-24,kigali,Radisson Blu Hotel & Convention Centre Kigali,225.85,2026-09-23,2,"radissonhotels.com — EA Pulse weekly collection sheet, checked 2026-08-24 by OG",Site quoted total for 2-night stay; /2 to per-room per night.,BB,international,direct
2026-08-24,kigali,The Retreat by Heaven,870.0,2026-09-23,2,"heavenrwanda.com — EA Pulse weekly collection sheet, checked 2026-08-24 by OG",Site quoted total for 2-night stay; /2 to per-room per night.,BB,international,direct
2026-08-24,kigali,Ubumwe Grande,240.0,2026-09-23,2,"https://reservations.ubumwegrandehotel.com/114531 — EA Pulse weekly collection sheet, checked 2026-08-24 by OG",Site quoted total for 2-night stay; /2 to per-room per night.,BB,international,direct
2026-08-24,safari,Chem Chem Safari Lodge,3360.0,2026-09-23,2,"chemchem.com — EA Pulse weekly collection sheet, checked 2026-08-24 by OG","Site quoted total for 2-night stay; /2 to per-room per night. Basis recorded as UNK: the collection sheet only captured 'FB' for all safari camps, which does not distinguish FB from the richer FI/FB+ used in this ledger. Needs per-property confirmation before a specific code is assigned.",UNK,international,direct
2026-08-24,safari,Four Seasons Safari Lodge Serengeti,4046.0,2026-09-23,2,"fourseasons.com — EA Pulse weekly collection sheet, checked 2026-08-24 by OG","Site quoted total for 2-night stay; /2 to per-room per night. Basis recorded as UNK: the collection sheet only captured 'FB' for all safari camps, which does not distinguish FB from the richer FI/FB+ used in this ledger. Needs per-property confirmation before a specific code is assigned.",UNK,international,direct
2026-08-24,safari,Mwiba Lodge,5240.0,2026-09-23,2,"mwibalodge.com — EA Pulse weekly collection sheet, checked 2026-08-24 by OG","Site quoted total for 2-night stay; /2 to per-room per night. Basis recorded as UNK: the collection sheet only captured 'FB' for all safari camps, which does not distinguish FB from the richer FI/FB+ used in this ledger. Needs per-property confirmation before a specific code is assigned.",UNK,international,direct
2026-08-24,safari,One Nature Nyaruswigwa,5280.0,2026-09-23,2,"onenaturehotels.com — EA Pulse weekly collection sheet, checked 2026-08-24 by OG","Site quoted total for 2-night stay; /2 to per-room per night. Basis recorded as UNK: the collection sheet only captured 'FB' for all safari camps, which does not distinguish FB from the richer FI/FB+ used in this ledger. Needs per-property confirmation before a specific code is assigned.",UNK,international,direct
2026-08-24,safari,Sayari Tented Camp,5638.0,2026-09-23,2,"asiliaafrica.com — EA Pulse weekly collection sheet, checked 2026-08-24 by OG","Site quoted total for 2-night stay; /2 to per-room per night. Basis recorded as UNK: the collection sheet only captured 'FB' for all safari camps, which does not distinguish FB from the richer FI/FB+ used in this ledger. Needs per-property confirmation before a specific code is assigned.",UNK,international,direct
2026-08-24,safari,Serengeti Bushtops,2600.0,2026-09-23,2,"bushtops.com — EA Pulse weekly collection sheet, checked 2026-08-24 by OG","Site quoted total for 2-night stay; /2 to per-room per night. Basis recorded as UNK: the collection sheet only captured 'FB' for all safari camps, which does not distinguish FB from the richer FI/FB+ used in this ledger. Needs per-property confirmation before a specific code is assigned.",UNK,international,direct
2026-08-24,safari,Singita Faru Faru Lodge,6440.0,2026-09-23,2,"singita.com — EA Pulse weekly collection sheet, checked 2026-08-24 by OG","Site quoted total for 2-night stay; /2 to per-room per night. Basis recorded as UNK: the collection sheet only captured 'FB' for all safari camps, which does not distinguish FB from the richer FI/FB+ used in this ledger. Needs per-property confirmation before a specific code is assigned.",UNK,international,direct
2026-08-24,safari,Singita Sasakwa Lodge,7050.0,2026-09-23,2,"singita.com — EA Pulse weekly collection sheet, checked 2026-08-24 by OG","Site quoted total for 2-night stay; /2 to per-room per night. Basis recorded as UNK: the collection sheet only captured 'FB' for all safari camps, which does not distinguish FB from the richer FI/FB+ used in this ledger. Needs per-property confirmation before a specific code is assigned.",UNK,international,direct
2026-08-24,safari,andBeyond Grumeti Serengeti,5040.0,2026-09-23,2,"andbeyond.com — EA Pulse weekly collection sheet, checked 2026-08-24 by OG","Site quoted total for 2-night stay; /2 to per-room per night. Basis recorded as UNK: the collection sheet only captured 'FB' for all safari camps, which does not distinguish FB from the richer FI/FB+ used in this ledger. Needs per-property confirmation before a specific code is assigned.",UNK,international,direct
2026-08-24,dar_arusha,Blackwood Boutique Hotel,89.5,2026-09-23,2,"blackwoodhotel.com — EA Pulse weekly collection sheet, checked 2026-08-24 by OG — via Booking.com",Site quoted total for 2-night stay; /2 to per-room per night.,BB,international,ota
2026-08-24,dar_arusha,Dar es Salaam Serena Hotel,199.0,2026-09-23,2,"serenahotels.com — EA Pulse weekly collection sheet, checked 2026-08-24 by OG",Site quoted total for 2-night stay; /2 to per-room per night.,BB,international,direct
2026-08-24,dar_arusha,DoubleTree by Hilton Dar es Salaam,166.0,2026-09-23,2,"hilton.com — EA Pulse weekly collection sheet, checked 2026-08-24 by OG","Site quoted total for 2-night stay; /2 to per-room per night. Reactivated: quoting again as of this collection under a temporary 'Delta Hotel by Marriott (formerly DoubleTree)' rebrand signage; basket.json inactive flag should be cleared. Same physical property, per OG.",BB,international,direct
2026-08-24,dar_arusha,Gran Melia Arusha,379.0,2026-09-23,2,"melia.com — EA Pulse weekly collection sheet, checked 2026-08-24 by OG",Site quoted total for 2-night stay; /2 to per-room per night.,BB,international,direct
2026-08-24,dar_arusha,Hyatt Regency Dar es Salaam,212.48,2026-09-23,2,"hyatt.com — EA Pulse weekly collection sheet, checked 2026-08-24 by OG",Site quoted total for 2-night stay; /2 to per-room per night.,BB,international,direct
2026-08-24,dar_arusha,Johari Rotana,200.44,2026-09-23,2,"rotana.com — EA Pulse weekly collection sheet, checked 2026-08-24 by OG",Site quoted total for 2-night stay; /2 to per-room per night.,BB,international,direct
2026-08-24,dar_arusha,Protea Hotel Dar es Salaam Courtyard,155.0,2026-09-23,2,"marriott.com — EA Pulse weekly collection sheet, checked 2026-08-24 by OG",Site quoted total for 2-night stay; /2 to per-room per night.,BB,international,direct
2026-08-24,dar_arusha,Sea Cliff Hotel,251.5,2026-09-23,2,"seacliff-tanzania.com — EA Pulse weekly collection sheet, checked 2026-08-24 by OG — via Booking.com",Site quoted total for 2-night stay; /2 to per-room per night.,BB,international,ota
2026-08-24,lakevictoria,Brovad Sands Lodge,115.87,2026-09-23,2,"brovadsands.com — EA Pulse weekly collection sheet, checked 2026-08-24 by OG — via Expedia.com",Site quoted total for 2-night stay; /2 to per-room per night.,BB,international,ota
2026-08-24,lakevictoria,Imperial Resort Beach Entebbe,102.1,2026-09-23,2,"https://www.imperialhotels.co.ug/ImperialResortBeachHotel — EA Pulse weekly collection sheet, checked 2026-08-24 by OG — via Expedia.com",Site quoted total for 2-night stay; /2 to per-room per night.,BB,international,ota
2026-08-24,lakevictoria,Munyonyo Commonwealth Resort,182.0,2026-09-23,2,"https://munyonyocommonwealth.com/ — EA Pulse weekly collection sheet, checked 2026-08-24 by OG",Site quoted total for 2-night stay; /2 to per-room per night.,BB,international,direct
2026-08-24,lakevictoria,Pineapple Bay Resort,300.0,2026-09-23,2,"pineapplebayuganda.com — EA Pulse weekly collection sheet, checked 2026-08-24 by OG",Site quoted total for 2-night stay; /2 to per-room per night.,BB,international,direct
2026-08-24,lakevictoria,Protea Hotel by Marriott Entebbe,301.0,2026-09-23,2,"marriott.com — EA Pulse weekly collection sheet, checked 2026-08-24 by OG",Site quoted total for 2-night stay; /2 to per-room per night.,BB,international,direct
2026-08-24,kampala,Speke Resort Munyonyo,182.0,2026-09-23,2,"spekeresort.com — EA Pulse weekly collection sheet, checked 2026-08-24 by OG",Site quoted total for 2-night stay; /2 to per-room per night.,BB,international,direct
2026-08-24,lakevictoria,Wildwaters Lodge,911.0,2026-09-23,2,"wildwaterslodge.com — EA Pulse weekly collection sheet, checked 2026-08-24 by OG",Site quoted total for 2-night stay; /2 to per-room per night.,FB,international,ota
2026-08-24,bwindi,Buhoma Lodge,1070.0,2026-09-23,2,"buhomalodge.com — EA Pulse weekly collection sheet, checked 2026-08-24 by OG",Site quoted total for 2-night stay; /2 to per-room per night.,FB,international,ota
2026-08-24,bwindi,Bwindi Lodge,3010.0,2026-09-23,2,"volcanoes-safaris.com — EA Pulse weekly collection sheet, checked 2026-08-24 by OG",Site quoted total for 2-night stay; /2 to per-room per night.,FB,international,direct
2026-08-24,bwindi,Clouds Mountain Gorilla Lodge,3240.0,2026-09-23,2,"wildplacesafrica.com — EA Pulse weekly collection sheet, checked 2026-08-24 by OG",Site quoted total for 2-night stay; /2 to per-room per night.,FB,international,direct
2026-08-24,bwindi,Engagi Lodge,556.0,2026-09-23,2,"engagilodge.com — EA Pulse weekly collection sheet, checked 2026-08-24 by OG",Site quoted total for 2-night stay; /2 to per-room per night.,FB,international,direct
2026-08-24,bwindi,Erebero Hills (Asilia),4891.0,2026-09-23,2,"asiliaafrica.com — EA Pulse weekly collection sheet, checked 2026-08-24 by OG",Site quoted total for 2-night stay; /2 to per-room per night.,FB,international,direct
2026-08-24,bwindi,Kyambura Gorge Lodge,3140.0,2026-09-23,2,"volcanoes-safaris.com — EA Pulse weekly collection sheet, checked 2026-08-24 by OG",Site quoted total for 2-night stay; /2 to per-room per night.,FB,international,direct
2026-08-24,bwindi,Mahogany Springs Lodge,840.0,2026-09-23,2,"mahoganysprings.com — EA Pulse weekly collection sheet, checked 2026-08-24 by OG",Site quoted total for 2-night stay; /2 to per-room per night.,FB,international,direct
2026-08-24,bwindi,Nkuringo Bwindi Gorilla Lodge,1264.0,2026-09-23,2,"nkuringo.com — EA Pulse weekly collection sheet, checked 2026-08-24 by OG",Site quoted total for 2-night stay; /2 to per-room per night.,FB,international,direct
2026-08-24,bwindi,Primate Lodge Kibale,1200.0,2026-09-23,2,"primate-lodge.com — EA Pulse weekly collection sheet, checked 2026-08-24 by OG",Site quoted total for 2-night stay; /2 to per-room per night.,FB,international,direct
2026-08-24,bwindi,Sanctuary Gorilla Forest Camp,4880.0,2026-09-23,2,"sanctuaryretreats.com — EA Pulse weekly collection sheet, checked 2026-08-24 by OG",Site quoted total for 2-night stay; /2 to per-room per night.,FB,international,direct
2026-08-24,kampala,Four Points by Sheraton Kampala,213.64,2026-09-23,2,"marriott.com — EA Pulse weekly collection sheet, checked 2026-08-24 by OG",Site quoted total for 2-night stay; /2 to per-room per night.,BB,international,direct
2026-08-24,kampala,Golden Tulip Canaan Kampala,184.5,2026-09-23,2,"goldentulip.com — EA Pulse weekly collection sheet, checked 2026-08-24 by OG",Site quoted total for 2-night stay; /2 to per-room per night.,BB,international,direct
2026-08-24,kampala,Hilton Garden Inn Kampala,146.4,2026-09-23,2,"hilton.com — EA Pulse weekly collection sheet, checked 2026-08-24 by OG",Site quoted total for 2-night stay; /2 to per-room per night.,BB,international,direct
2026-08-24,kampala,Hotel Africana,150.0,2026-09-23,2,"hotelafricana.com — EA Pulse weekly collection sheet, checked 2026-08-24 by OG",Site quoted total for 2-night stay; /2 to per-room per night.,BB,international,direct
2026-08-24,kampala,Kabira Country Club,140.0,2026-09-23,2,"kabiracountryclub.com — EA Pulse weekly collection sheet, checked 2026-08-24 by OG",Site quoted total for 2-night stay; /2 to per-room per night.,BB,international,direct
2026-08-24,kampala,Kampala Serena,187.0,2026-09-23,2,"serenahotels.com — EA Pulse weekly collection sheet, checked 2026-08-24 by OG",Site quoted total for 2-night stay; /2 to per-room per night.,BB,international,direct
2026-08-24,kampala,Latitude 0 Degrees,176.0,2026-09-23,2,"latitude0degrees.com — EA Pulse weekly collection sheet, checked 2026-08-24 by OG",Site quoted total for 2-night stay; /2 to per-room per night.,BB,international,direct
2026-08-24,kampala,Mestil Hotel & Residences,182.0,2026-09-23,2,"mestilhotel.com — EA Pulse weekly collection sheet, checked 2026-08-24 by OG",Site quoted total for 2-night stay; /2 to per-room per night.,BB,international,direct
2026-08-24,kampala,Pearl of Africa Hotel,250.0,2026-09-23,2,"pearlofafricahotel.com — EA Pulse weekly collection sheet, checked 2026-08-24 by OG",Site quoted total for 2-night stay; /2 to per-room per night.,BB,international,direct
2026-08-24,kampala,Sheraton Kampala,233.28,2026-09-23,2,"marriott.com — EA Pulse weekly collection sheet, checked 2026-08-24 by OG",Site quoted total for 2-night stay; /2 to per-room per night.,BB,international,direct
2026-08-24,zanzibar,Baraza Resort & Spa,1431.5,2026-09-23,2,"baraza.co.tz — EA Pulse weekly collection sheet, checked 2026-08-24 by OG",Site quoted total for 2-night stay; /2 to per-room per night.,AI,international,direct
2026-08-24,zanzibar,Breezes Beach Club & Spa,476.45,2026-09-23,2,"breezeszanzibar.com — EA Pulse weekly collection sheet, checked 2026-08-24 by OG",Site quoted total for 2-night stay; /2 to per-room per night.,HB,international,direct
2026-08-24,zanzibar,Essque Zalu Zanzibar,300.0,2026-09-23,2,"essquezalu.com — EA Pulse weekly collection sheet, checked 2026-08-24 by OG",Site quoted total for 2-night stay; /2 to per-room per night.,BB,international,direct
2026-08-24,zanzibar,Kilindi Zanzibar,1648.0,2026-09-23,2,"kilindizanzibar.com — EA Pulse weekly collection sheet, checked 2026-08-24 by OG",Site quoted total for 2-night stay; /2 to per-room per night.,AI,international,direct
2026-08-24,zanzibar,Melia Zanzibar,469.0,2026-09-23,2,"melia.com — EA Pulse weekly collection sheet, checked 2026-08-24 by OG",Site quoted total for 2-night stay; /2 to per-room per night.,AI,international,direct
2026-08-24,zanzibar,Mnemba Island Lodge,6000.0,2026-09-23,2,"https://www.andbeyond.com/lodge-editorial/mnemba-island/accommodation/ — EA Pulse weekly collection sheet, checked 2026-08-24 by OG",Site quoted total for 2-night stay; /2 to per-room per night.,AI,international,direct
2026-08-24,zanzibar,The Residence Zanzibar,879.0,2026-09-23,2,"theresidence.com — EA Pulse weekly collection sheet, checked 2026-08-24 by OG",Site quoted total for 2-night stay; /2 to per-room per night.,AI,international,direct
2026-08-24,zanzibar,White Sand Luxury Villas,1610.0,2026-09-23,2,"whitesandvillas.com — EA Pulse weekly collection sheet, checked 2026-08-24 by OG",Site quoted total for 2-night stay; /2 to per-room per night.,HB,international,direct
2026-08-24,zanzibar,Zuri Zanzibar,1160.0,2026-09-23,2,"zurizanzibar.com — EA Pulse weekly collection sheet, checked 2026-08-24 by OG",Site quoted total for 2-night stay; /2 to per-room per night.,HB,international,direct
2026-08-31,coast,Almanara Luxury Villas,980.0,2026-09-30,2,"almanara.co.ke — EA Pulse weekly collection sheet, checked 2026-08-31 by OG",Site quoted total for 2-night stay; /2 to per-room per night.,BB,international,direct
2026-08-31,coast,Baobab Beach Resort,244.5,2026-09-30,2,"baobab-beach.com — EA Pulse weekly collection sheet, checked 2026-08-31 by OG",Site quoted total for 2-night stay; /2 to per-room per night.,AI,international,direct
2026-08-31,coast,Diamonds Leisure Beach & Golf Resort,296.0,2026-09-30,2,"diamondsleisure.com — EA Pulse weekly collection sheet, checked 2026-08-31 by OG",Site quoted total for 2-night stay; /2 to per-room per night.,BB,international,direct
2026-08-31,coast,Diani Reef Beach Resort,201.0,2026-09-30,2,"dianireef.com — EA Pulse weekly collection sheet, checked 2026-08-31 by OG",Site quoted total for 2-night stay; /2 to per-room per night.,BB,international,direct
2026-08-31,coast,Jacaranda Indian Ocean Beach Resort,123.28,2026-09-30,2,"jacarandahotels.com — EA Pulse weekly collection sheet, checked 2026-08-31 by OG",Site quoted total for 2-night stay; /2 to per-room per night.,BB,international,direct
2026-08-31,coast,Swahili Beach,405.5,2026-09-30,2,"swahilibeach.com — EA Pulse weekly collection sheet, checked 2026-08-31 by OG",Site quoted total for 2-night stay; /2 to per-room per night.,BB,international,direct
2026-08-31,coast,The Sands at Nomad,430.0,2026-09-30,2,"thesandsatnomad.com — EA Pulse weekly collection sheet, checked 2026-08-31 by OG",Site quoted total for 2-night stay; /2 to per-room per night.,BB,international,direct
2026-08-31,safari,Angama Mara,5500.0,2026-09-30,2,"angama.com — EA Pulse weekly collection sheet, checked 2026-08-31 by OG","Site quoted total for 2-night stay; /2 to per-room per night. Basis recorded as UNK: the collection sheet only captured 'FB' for all safari camps, which does not distinguish FB from the richer FI/FB+ used in this ledger. Needs per-property confirmation before a specific code is assigned.",UNK,international,direct
2026-08-31,safari,Cottar's 1920s Safari Camp,4400.0,2026-09-30,2,"cottars.com — EA Pulse weekly collection sheet, checked 2026-08-31 by OG","Site quoted total for 2-night stay; /2 to per-room per night. Basis recorded as UNK: the collection sheet only captured 'FB' for all safari camps, which does not distinguish FB from the richer FI/FB+ used in this ledger. Needs per-property confirmation before a specific code is assigned.",UNK,international,direct
2026-08-31,safari,Governors' Camp,3992.0,2026-09-30,2,"governorscamp.com — EA Pulse weekly collection sheet, checked 2026-08-31 by OG","Site quoted total for 2-night stay; /2 to per-room per night. Basis recorded as UNK: the collection sheet only captured 'FB' for all safari camps, which does not distinguish FB from the richer FI/FB+ used in this ledger. Needs per-property confirmation before a specific code is assigned.",UNK,international,direct
2026-08-31,safari,JW Marriott Masai Mara Lodge,4851.0,2026-09-30,2,"marriott.com — EA Pulse weekly collection sheet, checked 2026-08-31 by OG","Site quoted total for 2-night stay; /2 to per-room per night. Basis recorded as UNK: the collection sheet only captured 'FB' for all safari camps, which does not distinguish FB from the richer FI/FB+ used in this ledger. Needs per-property confirmation before a specific code is assigned.",UNK,international,direct
2026-08-31,safari,Mahali Mzuri,5200.0,2026-09-30,2,"virginlimitededition.com — EA Pulse weekly collection sheet, checked 2026-08-31 by OG","Site quoted total for 2-night stay; /2 to per-room per night. Basis recorded as UNK: the collection sheet only captured 'FB' for all safari camps, which does not distinguish FB from the richer FI/FB+ used in this ledger. Needs per-property confirmation before a specific code is assigned.",UNK,international,direct
2026-08-31,safari,Mara Plains Camp,3490.0,2026-09-30,2,"https://greatplainsconservation.com/mara-plains-luxury-safari-camp-in-kenya/ — EA Pulse weekly collection sheet, checked 2026-08-31 by OG","Site quoted total for 2-night stay; /2 to per-room per night. Basis recorded as UNK: the collection sheet only captured 'FB' for all safari camps, which does not distinguish FB from the richer FI/FB+ used in this ledger. Needs per-property confirmation before a specific code is assigned.",UNK,international,direct
2026-08-31,safari,Mara Serena Safari Lodge,890.0,2026-09-30,2,"https://www.serenahotels.com/mara/ — EA Pulse weekly collection sheet, checked 2026-08-31 by OG","Site quoted total for 2-night stay; /2 to per-room per night. Basis recorded as UNK: the collection sheet only captured 'FB' for all safari camps, which does not distinguish FB from the richer FI/FB+ used in this ledger. Needs per-property confirmation before a specific code is assigned.",UNK,international,direct
2026-08-31,safari,Olare Mara Kempinski,1941.0,2026-09-30,2,"kempinski.com — EA Pulse weekly collection sheet, checked 2026-08-31 by OG","Site quoted total for 2-night stay; /2 to per-room per night. Basis recorded as UNK: the collection sheet only captured 'FB' for all safari camps, which does not distinguish FB from the richer FI/FB+ used in this ledger. Needs per-property confirmation before a specific code is assigned.",UNK,international,direct
2026-08-31,safari,Sanctuary Olonana,4900.0,2026-09-30,2,"https://www.abercrombiekent.com/stays/safari-lodges/olonana-lodge#journey-dates-prices — EA Pulse weekly collection sheet, checked 2026-08-31 by OG","Site quoted total for 2-night stay; /2 to per-room per night. Basis recorded as UNK: the collection sheet only captured 'FB' for all safari camps, which does not distinguish FB from the richer FI/FB+ used in this ledger. Needs per-property confirmation before a specific code is assigned.",UNK,international,direct
2026-08-31,safari,andBeyond Bateleur Camp,5190.0,2026-09-30,2,"andbeyond.com — EA Pulse weekly collection sheet, checked 2026-08-31 by OG","Site quoted total for 2-night stay; /2 to per-room per night. Basis recorded as UNK: the collection sheet only captured 'FB' for all safari camps, which does not distinguish FB from the richer FI/FB+ used in this ledger. Needs per-property confirmation before a specific code is assigned.",UNK,international,direct
2026-08-31,nairobi,Best Western Plus Westlands,132.43,2026-09-30,2,"bestwestern.com — EA Pulse weekly collection sheet, checked 2026-08-31 by OG",Site quoted total for 2-night stay; /2 to per-room per night.,BB,international,direct
2026-08-31,nairobi,Crowne Plaza Nairobi Airport,305.92,2026-09-30,2,"ihg.com — EA Pulse weekly collection sheet, checked 2026-08-31 by OG",Site quoted total for 2-night stay; /2 to per-room per night.,BB,international,direct
2026-08-31,nairobi,Fairview Hotel Nairobi,290.08,2026-09-30,2,"fairviewkenya.com — EA Pulse weekly collection sheet, checked 2026-08-31 by OG",Site quoted total for 2-night stay; /2 to per-room per night.,BB,international,direct
2026-08-31,nairobi,JW Marriott Nairobi,311.5,2026-09-30,2,"marriott.com — EA Pulse weekly collection sheet, checked 2026-08-31 by OG",Site quoted total for 2-night stay; /2 to per-room per night.,BB,international,direct
2026-08-31,nairobi,Nairobi Serena Hotel,225.25,2026-09-30,2,"serenahotels.com — EA Pulse weekly collection sheet, checked 2026-08-31 by OG",Site quoted total for 2-night stay; /2 to per-room per night.,BB,international,direct
2026-08-31,nairobi,Radisson Blu Nairobi,234.3,2026-09-30,2,"radissonhotels.com — EA Pulse weekly collection sheet, checked 2026-08-31 by OG",Site quoted total for 2-night stay; /2 to per-room per night.,BB,international,direct
2026-08-31,nairobi,Sarova Stanley,235.8,2026-09-30,2,"sarovahotels.com — EA Pulse weekly collection sheet, checked 2026-08-31 by OG",Site quoted total for 2-night stay; /2 to per-room per night.,BB,international,direct
2026-08-31,nairobi,The Boma Hotel,114.84,2026-09-30,2,"thebomahotel.com — EA Pulse weekly collection sheet, checked 2026-08-31 by OG",Site quoted total for 2-night stay; /2 to per-room per night.,BB,international,direct
2026-08-31,nairobi,Villa Rosa Kempinski,325.62,2026-09-30,2,"kempinski.com — EA Pulse weekly collection sheet, checked 2026-08-31 by OG",Site quoted total for 2-night stay; /2 to per-room per night.,BB,international,direct
2026-08-31,lakekivu,Bethany Hotel Kibuye,69.93,2026-09-30,2,"EA Pulse weekly collection sheet, checked 2026-08-31 by OG — via Expedia.com",Site quoted total for 2-night stay; /2 to per-room per night.,BB,international,ota
2026-08-31,lakekivu,Cormoran Lodge,105.0,2026-09-30,2,"cormoranlodge.com — EA Pulse weekly collection sheet, checked 2026-08-31 by OG",Site quoted total for 2-night stay; /2 to per-room per night.,BB,international,direct
2026-08-31,lakekivu,Gorillas Lake Kivu Hotel,122.5,2026-09-30,2,"EA Pulse weekly collection sheet, checked 2026-08-31 by OG — via Booking.com",Site quoted total for 2-night stay; /2 to per-room per night.,BB,international,ota
2026-08-31,lakekivu,Home Saint Jean,70.0,2026-09-30,2,"EA Pulse weekly collection sheet, checked 2026-08-31 by OG — via Booking.com",Site quoted total for 2-night stay; /2 to per-room per night.,BB,international,ota
2026-08-31,lakekivu,Kibuye Guesthouse,246.5,2026-09-30,2,"EA Pulse weekly collection sheet, checked 2026-08-31 by OG — via Booking.com",Site quoted total for 2-night stay; /2 to per-room per night.,BB,international,ota
2026-08-31,lakekivu,Kivu Marina Bay Hotel,145.33,2026-09-30,2,"https://all.accor.com/booking/en/mantis/hotel/B6Y6 — EA Pulse weekly collection sheet, checked 2026-08-31 by OG",Site quoted total for 2-night stay; /2 to per-room per night.,BB,international,direct
2026-08-31,lakekivu,Lake Kivu Serena Hotel,279.0,2026-09-30,2,"serenahotels.com — EA Pulse weekly collection sheet, checked 2026-08-31 by OG",Site quoted total for 2-night stay; /2 to per-room per night.,BB,international,direct
2026-08-31,lakekivu,Moriah Hill Resort,187.0,2026-09-30,2,"https://moriah-hill.com — EA Pulse weekly collection sheet, checked 2026-08-31 by OG",Site quoted total for 2-night stay; /2 to per-room per night.,BB,international,direct
2026-08-31,lakekivu,Palm Garden Resort,130.0,2026-09-30,2,"https://palmgardenlodge.com — EA Pulse weekly collection sheet, checked 2026-08-31 by OG",Site quoted total for 2-night stay; /2 to per-room per night.,BB,international,direct
2026-08-31,lakekivu,Paradise Kivu Resort,100.0,2026-09-30,2,"https://www.paradisekivu.com/ — EA Pulse weekly collection sheet, checked 2026-08-31 by OG",Site quoted total for 2-night stay; /2 to per-room per night.,BB,international,direct
2026-08-31,volcanoes,Bisate Lodge,7590.0,2026-09-30,2,"wildernessdestinations.com — EA Pulse weekly collection sheet, checked 2026-08-31 by OG",Site quoted total for 2-night stay; /2 to per-room per night.,FB,international,direct
2026-08-31,volcanoes,Five Volcanoes Boutique Hotel,850.0,2026-09-30,2,"https://fivevolcanoesrwanda.com/ — EA Pulse weekly collection sheet, checked 2026-08-31 by OG",Site quoted total for 2-night stay; /2 to per-room per night.,FB,international,direct
2026-08-31,volcanoes,Karenge Bush Camp (Akagera),516.0,2026-09-30,2,"https://visitakagera.org/karenge-bush-camp/ — EA Pulse weekly collection sheet, checked 2026-08-31 by OG",Site quoted total for 2-night stay; /2 to per-room per night.,FB,international,direct
2026-08-31,volcanoes,Magashi Camp (Akagera),2794.0,2026-09-30,2,"https://www.wildernessdestinations.com/africa/rwanda/akagera-national-park/magashi-camp — EA Pulse weekly collection sheet, checked 2026-08-31 by OG",Site quoted total for 2-night stay; /2 to per-room per night.,FB,international,direct
2026-08-31,volcanoes,Nyungwe House,3770.0,2026-09-30,2,"oneandonlyresorts.com — EA Pulse weekly collection sheet, checked 2026-08-31 by OG",Site quoted total for 2-night stay; /2 to per-room per night.,FB,international,direct
2026-08-31,volcanoes,One&Only Gorilla's Nest,8260.0,2026-09-30,2,"oneandonlyresorts.com — EA Pulse weekly collection sheet, checked 2026-08-31 by OG",Site quoted total for 2-night stay; /2 to per-room per night.,FB,international,direct
2026-08-31,volcanoes,Ruzizi Tented Lodge (Akagera),516.0,2026-09-30,2,"akageranationalpark.org — EA Pulse weekly collection sheet, checked 2026-08-31 by OG",Site quoted total for 2-night stay; /2 to per-room per night.,FB,international,direct
2026-08-31,volcanoes,Sabyinyo Silverback Lodge,4470.0,2026-09-30,2,"sabyinyolodge.com — EA Pulse weekly collection sheet, checked 2026-08-31 by OG",Site quoted total for 2-night stay; /2 to per-room per night.,FB,international,direct
2026-08-31,volcanoes,Singita Kwitonda Lodge,7260.0,2026-09-30,2,"https://singita.com/lodge/singita-kwitonda-lodge/information/ — EA Pulse weekly collection sheet, checked 2026-08-31 by OG",Site quoted total for 2-night stay; /2 to per-room per night.,FB,international,direct
2026-08-31,volcanoes,Virunga Lodge,4410.0,2026-09-30,2,"https://virungalodge.com/ — EA Pulse weekly collection sheet, checked 2026-08-31 by OG",Site quoted total for 2-night stay; /2 to per-room per night.,FB,international,direct
2026-08-31,kigali,2000 Hotel Downtown Kigali,104.5,2026-09-30,2,"https://www.2000hotel.com/ — EA Pulse weekly collection sheet, checked 2026-08-31 by OG — via Booking.com",Site quoted total for 2-night stay; /2 to per-room per night.,BB,international,ota
2026-08-31,kigali,Heaven Boutique Hotel,105.5,2026-09-30,2,"heavenrwanda.com — EA Pulse weekly collection sheet, checked 2026-08-31 by OG — via Booking.com",Site quoted total for 2-night stay; /2 to per-room per night.,BB,international,ota
2026-08-31,kigali,Kigali Marriott,301.5,2026-09-30,2,"marriott.com — EA Pulse weekly collection sheet, checked 2026-08-31 by OG",Site quoted total for 2-night stay; /2 to per-room per night.,BB,international,direct
2026-08-31,kigali,Kigali Serena,255.0,2026-09-30,2,"serenahotels.com — EA Pulse weekly collection sheet, checked 2026-08-31 by OG",Site quoted total for 2-night stay; /2 to per-room per night.,BB,international,direct
2026-08-31,kigali,Onomo Hotel Kigali,191.73,2026-09-30,2,"onomohotels.com — EA Pulse weekly collection sheet, checked 2026-08-31 by OG",Site quoted total for 2-night stay; /2 to per-room per night.,BB,international,direct
2026-08-31,kigali,Park Inn by Radisson Kigali,148.74,2026-09-30,2,"radissonhotels.com — EA Pulse weekly collection sheet, checked 2026-08-31 by OG",Site quoted total for 2-night stay; /2 to per-room per night.,BB,international,direct
2026-08-31,kigali,Radisson Blu Hotel & Convention Centre Kigali,257.61,2026-09-30,2,"radissonhotels.com — EA Pulse weekly collection sheet, checked 2026-08-31 by OG",Site quoted total for 2-night stay; /2 to per-room per night.,BB,international,direct
2026-08-31,kigali,The Retreat by Heaven,1800.0,2026-09-30,2,"heavenrwanda.com — EA Pulse weekly collection sheet, checked 2026-08-31 by OG",Site quoted total for 2-night stay; /2 to per-room per night.,BB,international,direct
2026-08-31,kigali,Ubumwe Grande,240.0,2026-09-30,2,"https://reservations.ubumwegrandehotel.com/114531 — EA Pulse weekly collection sheet, checked 2026-08-31 by OG",Site quoted total for 2-night stay; /2 to per-room per night.,BB,international,direct
2026-08-31,safari,Chem Chem Safari Lodge,3360.0,2026-09-30,2,"chemchem.com — EA Pulse weekly collection sheet, checked 2026-08-31 by OG","Site quoted total for 2-night stay; /2 to per-room per night. Basis recorded as UNK: the collection sheet only captured 'FB' for all safari camps, which does not distinguish FB from the richer FI/FB+ used in this ledger. Needs per-property confirmation before a specific code is assigned.",UNK,international,direct
2026-08-31,safari,Four Seasons Safari Lodge Serengeti,4046.0,2026-09-30,2,"fourseasons.com — EA Pulse weekly collection sheet, checked 2026-08-31 by OG","Site quoted total for 2-night stay; /2 to per-room per night. Basis recorded as UNK: the collection sheet only captured 'FB' for all safari camps, which does not distinguish FB from the richer FI/FB+ used in this ledger. Needs per-property confirmation before a specific code is assigned.",UNK,international,direct
2026-08-31,safari,Mwiba Lodge,5240.0,2026-09-30,2,"mwibalodge.com — EA Pulse weekly collection sheet, checked 2026-08-31 by OG","Site quoted total for 2-night stay; /2 to per-room per night. Basis recorded as UNK: the collection sheet only captured 'FB' for all safari camps, which does not distinguish FB from the richer FI/FB+ used in this ledger. Needs per-property confirmation before a specific code is assigned.",UNK,international,direct
2026-08-31,safari,One Nature Nyaruswigwa,5280.0,2026-09-30,2,"onenaturehotels.com — EA Pulse weekly collection sheet, checked 2026-08-31 by OG","Site quoted total for 2-night stay; /2 to per-room per night. Basis recorded as UNK: the collection sheet only captured 'FB' for all safari camps, which does not distinguish FB from the richer FI/FB+ used in this ledger. Needs per-property confirmation before a specific code is assigned.",UNK,international,direct
2026-08-31,safari,Sayari Tented Camp,5638.0,2026-09-30,2,"asiliaafrica.com — EA Pulse weekly collection sheet, checked 2026-08-31 by OG","Site quoted total for 2-night stay; /2 to per-room per night. Basis recorded as UNK: the collection sheet only captured 'FB' for all safari camps, which does not distinguish FB from the richer FI/FB+ used in this ledger. Needs per-property confirmation before a specific code is assigned.",UNK,international,direct
2026-08-31,safari,Serengeti Bushtops,2600.0,2026-09-30,2,"bushtops.com — EA Pulse weekly collection sheet, checked 2026-08-31 by OG","Site quoted total for 2-night stay; /2 to per-room per night. Basis recorded as UNK: the collection sheet only captured 'FB' for all safari camps, which does not distinguish FB from the richer FI/FB+ used in this ledger. Needs per-property confirmation before a specific code is assigned.",UNK,international,direct
2026-08-31,safari,Singita Faru Faru Lodge,6440.0,2026-09-30,2,"singita.com — EA Pulse weekly collection sheet, checked 2026-08-31 by OG","Site quoted total for 2-night stay; /2 to per-room per night. Basis recorded as UNK: the collection sheet only captured 'FB' for all safari camps, which does not distinguish FB from the richer FI/FB+ used in this ledger. Needs per-property confirmation before a specific code is assigned.",UNK,international,direct
2026-08-31,safari,Singita Sasakwa Lodge,7050.0,2026-09-30,2,"singita.com — EA Pulse weekly collection sheet, checked 2026-08-31 by OG","Site quoted total for 2-night stay; /2 to per-room per night. Basis recorded as UNK: the collection sheet only captured 'FB' for all safari camps, which does not distinguish FB from the richer FI/FB+ used in this ledger. Needs per-property confirmation before a specific code is assigned.",UNK,international,direct
2026-08-31,safari,andBeyond Grumeti Serengeti,5040.0,2026-09-30,2,"andbeyond.com — EA Pulse weekly collection sheet, checked 2026-08-31 by OG","Site quoted total for 2-night stay; /2 to per-room per night. Basis recorded as UNK: the collection sheet only captured 'FB' for all safari camps, which does not distinguish FB from the richer FI/FB+ used in this ledger. Needs per-property confirmation before a specific code is assigned.",UNK,international,direct
2026-08-31,dar_arusha,Blackwood Boutique Hotel,88.5,2026-09-30,2,"blackwoodhotel.com — EA Pulse weekly collection sheet, checked 2026-08-31 by OG — via Booking.com",Site quoted total for 2-night stay; /2 to per-room per night.,BB,international,ota
2026-08-31,dar_arusha,Dar es Salaam Serena Hotel,206.5,2026-09-30,2,"serenahotels.com — EA Pulse weekly collection sheet, checked 2026-08-31 by OG",Site quoted total for 2-night stay; /2 to per-room per night.,BB,international,direct
2026-08-31,dar_arusha,DoubleTree by Hilton Dar es Salaam,167.0,2026-09-30,2,"hilton.com — EA Pulse weekly collection sheet, checked 2026-08-31 by OG","Site quoted total for 2-night stay; /2 to per-room per night. Reactivated: quoting again as of this collection under a temporary 'Delta Hotel by Marriott (formerly DoubleTree)' rebrand signage; basket.json inactive flag should be cleared. Same physical property, per OG.",BB,international,direct
2026-08-31,dar_arusha,Gran Melia Arusha,411.5,2026-09-30,2,"melia.com — EA Pulse weekly collection sheet, checked 2026-08-31 by OG",Site quoted total for 2-night stay; /2 to per-room per night.,BB,international,direct
2026-08-31,dar_arusha,Hyatt Regency Dar es Salaam,1312.27,2026-09-30,2,"hyatt.com — EA Pulse weekly collection sheet, checked 2026-08-31 by OG","Site quoted total for 2-night stay; /2 to per-room per night. Collector note: Corrrect, the other rate was Residents",BB,international,direct
2026-08-31,dar_arusha,Johari Rotana,432.5,2026-09-30,2,"rotana.com — EA Pulse weekly collection sheet, checked 2026-08-31 by OG",Site quoted total for 2-night stay; /2 to per-room per night. Collector note: Double the last rate,BB,international,direct
2026-08-31,dar_arusha,Protea Hotel Dar es Salaam Courtyard,155.0,2026-09-30,2,"marriott.com — EA Pulse weekly collection sheet, checked 2026-08-31 by OG",Site quoted total for 2-night stay; /2 to per-room per night.,BB,international,direct
2026-08-31,dar_arusha,Sea Cliff Hotel,226.79,2026-09-30,2,"seacliff-tanzania.com — EA Pulse weekly collection sheet, checked 2026-08-31 by OG",Site quoted total for 2-night stay; /2 to per-room per night.,BB,international,direct
2026-08-31,lakevictoria,Brovad Sands Lodge,116.41,2026-09-30,2,"brovadsands.com — EA Pulse weekly collection sheet, checked 2026-08-31 by OG — via Expedia.com",Site quoted total for 2-night stay; /2 to per-room per night.,BB,international,ota
2026-08-31,lakevictoria,Imperial Resort Beach Entebbe,102.1,2026-09-30,2,"https://www.imperialhotels.co.ug/ImperialResortBeachHotel — EA Pulse weekly collection sheet, checked 2026-08-31 by OG — via Expedia.com",Site quoted total for 2-night stay; /2 to per-room per night.,BB,international,ota
2026-08-31,lakevictoria,Lake Victoria Serena Golf Resort,304.3,2026-09-30,2,"serenahotels.com — EA Pulse weekly collection sheet, checked 2026-08-31 by OG",Site quoted total for 2-night stay; /2 to per-room per night.,UNK,international,direct
2026-08-31,lakevictoria,Munyonyo Commonwealth Resort,182.0,2026-09-30,2,"https://munyonyocommonwealth.com/ — EA Pulse weekly collection sheet, checked 2026-08-31 by OG",Site quoted total for 2-night stay; /2 to per-room per night.,BB,international,direct
2026-08-31,lakevictoria,Pineapple Bay Resort,360.0,2026-09-30,2,"pineapplebayuganda.com — EA Pulse weekly collection sheet, checked 2026-08-31 by OG",Site quoted total for 2-night stay; /2 to per-room per night.,BB,international,direct
2026-08-31,lakevictoria,Protea Hotel by Marriott Entebbe,301.0,2026-09-30,2,"marriott.com — EA Pulse weekly collection sheet, checked 2026-08-31 by OG",Site quoted total for 2-night stay; /2 to per-room per night.,BB,international,direct
2026-08-31,kampala,Speke Resort Munyonyo,182.0,2026-09-30,2,"spekeresort.com — EA Pulse weekly collection sheet, checked 2026-08-31 by OG",Site quoted total for 2-night stay; /2 to per-room per night.,BB,international,direct
2026-08-31,lakevictoria,Wildwaters Lodge,911.0,2026-09-30,2,"wildwaterslodge.com — EA Pulse weekly collection sheet, checked 2026-08-31 by OG",Site quoted total for 2-night stay; /2 to per-room per night.,FB,international,ota
2026-08-31,bwindi,Buhoma Lodge,1070.0,2026-09-30,2,"buhomalodge.com — EA Pulse weekly collection sheet, checked 2026-08-31 by OG",Site quoted total for 2-night stay; /2 to per-room per night.,FB,international,ota
2026-08-31,bwindi,Bwindi Lodge,3010.0,2026-09-30,2,"volcanoes-safaris.com — EA Pulse weekly collection sheet, checked 2026-08-31 by OG",Site quoted total for 2-night stay; /2 to per-room per night.,FB,international,direct
2026-08-31,bwindi,Clouds Mountain Gorilla Lodge,3240.0,2026-09-30,2,"wildplacesafrica.com — EA Pulse weekly collection sheet, checked 2026-08-31 by OG",Site quoted total for 2-night stay; /2 to per-room per night.,FB,international,direct
2026-08-31,bwindi,Engagi Lodge,556.0,2026-09-30,2,"engagilodge.com — EA Pulse weekly collection sheet, checked 2026-08-31 by OG",Site quoted total for 2-night stay; /2 to per-room per night.,FB,international,direct
2026-08-31,bwindi,Erebero Hills (Asilia),4891.0,2026-09-30,2,"asiliaafrica.com — EA Pulse weekly collection sheet, checked 2026-08-31 by OG",Site quoted total for 2-night stay; /2 to per-room per night.,FB,international,direct
2026-08-31,bwindi,Kyambura Gorge Lodge,3140.0,2026-09-30,2,"volcanoes-safaris.com — EA Pulse weekly collection sheet, checked 2026-08-31 by OG",Site quoted total for 2-night stay; /2 to per-room per night.,FB,international,direct
2026-08-31,bwindi,Mahogany Springs Lodge,840.0,2026-09-30,2,"mahoganysprings.com — EA Pulse weekly collection sheet, checked 2026-08-31 by OG",Site quoted total for 2-night stay; /2 to per-room per night.,FB,international,direct
2026-08-31,bwindi,Nkuringo Bwindi Gorilla Lodge,1264.0,2026-09-30,2,"nkuringo.com — EA Pulse weekly collection sheet, checked 2026-08-31 by OG",Site quoted total for 2-night stay; /2 to per-room per night.,FB,international,direct
2026-08-31,bwindi,Primate Lodge Kibale,1200.0,2026-09-30,2,"primate-lodge.com — EA Pulse weekly collection sheet, checked 2026-08-31 by OG",Site quoted total for 2-night stay; /2 to per-room per night.,FB,international,direct
2026-08-31,bwindi,Sanctuary Gorilla Forest Camp,4880.0,2026-09-30,2,"sanctuaryretreats.com — EA Pulse weekly collection sheet, checked 2026-08-31 by OG",Site quoted total for 2-night stay; /2 to per-room per night.,FB,international,direct
2026-08-31,kampala,Four Points by Sheraton Kampala,235.94,2026-09-30,2,"marriott.com — EA Pulse weekly collection sheet, checked 2026-08-31 by OG",Site quoted total for 2-night stay; /2 to per-room per night.,BB,international,direct
2026-08-31,kampala,Golden Tulip Canaan Kampala,184.8,2026-09-30,2,"goldentulip.com — EA Pulse weekly collection sheet, checked 2026-08-31 by OG",Site quoted total for 2-night stay; /2 to per-room per night.,BB,international,direct
2026-08-31,kampala,Hilton Garden Inn Kampala,146.4,2026-09-30,2,"hilton.com — EA Pulse weekly collection sheet, checked 2026-08-31 by OG",Site quoted total for 2-night stay; /2 to per-room per night.,BB,international,direct
2026-08-31,kampala,Hotel Africana,150.0,2026-09-30,2,"hotelafricana.com — EA Pulse weekly collection sheet, checked 2026-08-31 by OG",Site quoted total for 2-night stay; /2 to per-room per night.,BB,international,direct
2026-08-31,kampala,Kabira Country Club,140.0,2026-09-30,2,"kabiracountryclub.com — EA Pulse weekly collection sheet, checked 2026-08-31 by OG",Site quoted total for 2-night stay; /2 to per-room per night.,BB,international,direct
2026-08-31,kampala,Kampala Serena,246.5,2026-09-30,2,"serenahotels.com — EA Pulse weekly collection sheet, checked 2026-08-31 by OG",Site quoted total for 2-night stay; /2 to per-room per night.,BB,international,direct
2026-08-31,kampala,Latitude 0 Degrees,176.0,2026-09-30,2,"latitude0degrees.com — EA Pulse weekly collection sheet, checked 2026-08-31 by OG",Site quoted total for 2-night stay; /2 to per-room per night.,BB,international,direct
2026-08-31,kampala,Mestil Hotel & Residences,182.0,2026-09-30,2,"mestilhotel.com — EA Pulse weekly collection sheet, checked 2026-08-31 by OG",Site quoted total for 2-night stay; /2 to per-room per night.,BB,international,direct
2026-08-31,kampala,Pearl of Africa Hotel,250.0,2026-09-30,2,"pearlofafricahotel.com — EA Pulse weekly collection sheet, checked 2026-08-31 by OG",Site quoted total for 2-night stay; /2 to per-room per night.,BB,international,direct
2026-08-31,kampala,Sheraton Kampala,250.98,2026-09-30,2,"marriott.com — EA Pulse weekly collection sheet, checked 2026-08-31 by OG",Site quoted total for 2-night stay; /2 to per-room per night.,BB,international,direct
2026-08-31,zanzibar,Baraza Resort & Spa,1422.68,2026-09-30,2,"baraza.co.tz — EA Pulse weekly collection sheet, checked 2026-08-31 by OG",Site quoted total for 2-night stay; /2 to per-room per night.,AI,international,direct
2026-08-31,zanzibar,Breezes Beach Club & Spa,473.45,2026-09-30,2,"breezeszanzibar.com — EA Pulse weekly collection sheet, checked 2026-08-31 by OG",Site quoted total for 2-night stay; /2 to per-room per night.,HB,international,direct
2026-08-31,zanzibar,Essque Zalu Zanzibar,321.0,2026-09-30,2,"essquezalu.com — EA Pulse weekly collection sheet, checked 2026-08-31 by OG",Site quoted total for 2-night stay; /2 to per-room per night.,BB,international,direct
2026-08-31,zanzibar,Kilindi Zanzibar,2126.0,2026-09-30,2,"kilindizanzibar.com — EA Pulse weekly collection sheet, checked 2026-08-31 by OG",Site quoted total for 2-night stay; /2 to per-room per night.,AI,international,direct
2026-08-31,zanzibar,Melia Zanzibar,684.5,2026-09-30,2,"melia.com — EA Pulse weekly collection sheet, checked 2026-08-31 by OG",Site quoted total for 2-night stay; /2 to per-room per night.,AI,international,direct
2026-08-31,zanzibar,Mnemba Island Lodge,6000.0,2026-09-30,2,"https://www.andbeyond.com/lodge-editorial/mnemba-island/accommodation/ — EA Pulse weekly collection sheet, checked 2026-08-31 by OG",Site quoted total for 2-night stay; /2 to per-room per night.,AI,international,direct
2026-08-31,zanzibar,The Residence Zanzibar,759.0,2026-09-30,2,"theresidence.com — EA Pulse weekly collection sheet, checked 2026-08-31 by OG",Site quoted total for 2-night stay; /2 to per-room per night.,AI,international,direct
2026-08-31,zanzibar,White Sand Luxury Villas,1610.0,2026-09-30,2,"whitesandvillas.com — EA Pulse weekly collection sheet, checked 2026-08-31 by OG",Site quoted total for 2-night stay; /2 to per-room per night.,HB,international,direct
2026-08-31,zanzibar,Zuri Zanzibar,1160.0,2026-09-30,2,"zurizanzibar.com — EA Pulse weekly collection sheet, checked 2026-08-31 by OG",Site quoted total for 2-night stay; /2 to per-room per night.,HB,international,direct
2026-09-02,nairobi,Hemingways Nairobi,1020,2026-10-02,2,"Google Hotels via SerpApi, 2026-09-02","Matched 'Hemingways Nairobi' (similarity 1.00); lowest displayed nightly rate, inclusions not stated by Google.",UNK,international,ota
2026-09-02,nairobi,Nairobi Serena Hotel,189,2026-10-02,2,"Google Hotels via SerpApi, 2026-09-02","Matched 'Nairobi Serena Hotel' (similarity 1.00); lowest displayed nightly rate, inclusions not stated by Google.",UNK,international,ota
2026-09-02,nairobi,JW Marriott Nairobi,297,2026-10-02,2,"Google Hotels via SerpApi, 2026-09-02","Matched 'JW Marriott Hotel Nairobi' (similarity 0.86); lowest displayed nightly rate, inclusions not stated by Google.",UNK,international,ota
2026-09-03,nairobi,Radisson Blu Nairobi,209,2026-10-03,2,"Google Hotels via SerpApi, 2026-09-03","Matched 'Radisson Blu Hotel, Nairobi Upper Hill' (similarity 0.70); lowest displayed nightly rate, inclusions not stated by Google.",UNK,international,ota
2026-09-07,nairobi,Hemingways Nairobi,1021,2026-10-07,2,"Google Hotels via SerpApi, 2026-09-07","Matched 'Hemingways Nairobi' (similarity 1.00); lowest displayed nightly rate, inclusions not stated by Google.",UNK,international,ota
2026-09-07,nairobi,Nairobi Serena Hotel,221,2026-10-07,2,"Google Hotels via SerpApi, 2026-09-07","Matched 'Nairobi Serena Hotel' (similarity 1.00); lowest displayed nightly rate, inclusions not stated by Google.",UNK,international,ota
2026-09-07,nairobi,JW Marriott Nairobi,318,2026-10-07,2,"Google Hotels via SerpApi, 2026-09-07","Matched 'JW Marriott Hotel Nairobi' (similarity 0.86); lowest displayed nightly rate, inclusions not stated by Google.",UNK,international,ota
2026-09-08,nairobi,Radisson Blu Nairobi,216,2026-10-08,2,"Google Hotels via SerpApi, 2026-09-08","Matched 'Radisson Blu Hotel, Nairobi Upper Hill' (similarity 0.70); lowest displayed nightly rate, inclusions not stated by Google.",UNK,international,ota
2026-09-09,nairobi,Fairview Hotel Nairobi,195,2026-10-09,2,"Google Hotels via SerpApi, 2026-09-09","Matched 'Fairview Hotel Nairobi, Vignette Collection by IHG' (similarity 0.62); lowest displayed nightly rate, inclusions not stated by Google.",UNK,international,ota
2026-09-11,nairobi,Best Western Plus Westlands,59,2026-10-11,2,"Google Hotels via SerpApi, 2026-09-11","Matched 'Best Western Plus Meridian Hotel' (similarity 0.71); lowest displayed nightly rate, inclusions not stated by Google.",UNK,international,ota
2026-09-12,nairobi,Ole Sereni,114,2026-10-12,2,"Google Hotels via SerpApi, 2026-09-12","Matched 'Ole-Sereni' (similarity 1.00); lowest displayed nightly rate, inclusions not stated by Google.",UNK,international,ota
2026-09-12,nairobi,Four Points by Sheraton Nairobi,205,2026-10-12,2,"Google Hotels via SerpApi, 2026-09-12","Matched 'Four Points by Sheraton Nairobi Airport' (similarity 0.89); lowest displayed nightly rate, inclusions not stated by Google.",UNK,international,ota
2026-09-14,nairobi,Hemingways Nairobi,1243,2026-10-14,2,"Google Hotels via SerpApi, 2026-09-14","Matched 'Hemingways Nairobi' (similarity 1.00); lowest displayed nightly rate, inclusions not stated by Google.",UNK,international,ota
2026-09-14,nairobi,Nairobi Serena Hotel,202,2026-10-14,2,"Google Hotels via SerpApi, 2026-09-14","Matched 'Nairobi Serena Hotel' (similarity 1.00); lowest displayed nightly rate, inclusions not stated by Google.",UNK,international,ota
2026-09-14,nairobi,JW Marriott Nairobi,326,2026-10-14,2,"Google Hotels via SerpApi, 2026-09-14","Matched 'JW Marriott Hotel Nairobi' (similarity 0.86); lowest displayed nightly rate, inclusions not stated by Google.",UNK,international,ota
2026-09-14,dar_arusha,Blackwood Boutique Hotel,118.50,2026-10-14,2,https://www.blackwoodaparthotel.co.tz/,"Collected via the weekly sheet at the standard convention (2 adults, 2 nights, ~30 days lead). Booking engine quoted the STAY TOTAL of USD 237.00; divided by 2 nights to the per-room per-night basis the index stores.",BB,international,direct
2026-09-14,dar_arusha,Dar es Salaam Serena Hotel,235.45,2026-10-14,2,https://www.serenahotels.com/dar-es-salaam/book/accommodations?_gl=1*q0xlau*_ga*NTg4Nzk0NTU1LjE3ODU3NDA4MzQ.*_ga_D49P33QH59*czE3ODkzNjkzNjAkbzE3JGcxJHQxNzg5MzY5Mzk5JGoyMSRsMCRoMA..*_gcl_aw*R0NMLjE3ODU3NDA4ODMuQ2owS0NRanctTURUQmhDZ0FSSXNBS0FrZGxScUxfUnRpMG5LMUdWWW81djduOUhCQ2xHTVZxQlRuLW1FWVdmSzB0Y2NXTXJmN3NRVHBpRWFBdWhwRUFMd193Y0I.*_gcl_au*MjgxNDE2MzI0LjE3ODU3NDA4NTMuNzg3NzMwODUxLjE3ODkzNjkzNTEuMTc4OTM2OTM4Ni43OTgzNjc1NzkuMTc4OTM2OTM1MS4xNzg5MzY5Mzg2&adults=2&datein=09/14/2026&dateout=09/15/2026&domain=www.serenahotels.com&languageid=1&rooms=1,"Collected via the weekly sheet at the standard convention (2 adults, 2 nights, ~30 days lead). Booking engine quoted the STAY TOTAL of USD 470.90; divided by 2 nights to the per-room per-night basis the index stores.",BB,promotional,direct
2026-09-14,dar_arusha,Gran Melia Arusha,375.00,2026-10-14,2,https://www.melia.com/en/booking/room-and-rates?search=%7B%22type%22%3A%22booking%22%2C%22destination%22%3A%7B%22type%22%3A%22hotel%22%2C%22code%22%3A%227070%22%2C%22name%22%3A%22Gran+Meli%C3%A1+Arusha%22%2C%22location%22%3A%7B%22country%22%3A%7B%22name%22%3A%22Tanzania%22%7D%2C%22city%22%3A%7B%22name%22%3A%22Arusha%22%7D%7D%7D%2C%22dates%22%3A%7B%22checkIn%22%3A%222026-10-14%22%2C%22checkOut%22%3A%222026-10-16%22%7D%2C%22occupation%22%3A%5B%7B%22adults%22%3A%7B%22total%22%3A2%7D%7D%5D%2C%22discountCode%22%3Anull%7D&preSelected=%7B%7D,"Collected via the weekly sheet at the standard convention (2 adults, 2 nights, ~30 days lead). Booking engine quoted the STAY TOTAL of USD 750.00; divided by 2 nights to the per-room per-night basis the index stores.",BB,promotional,direct
2026-09-14,dar_arusha,Johari Rotana,273.20,2026-10-14,2,https://bookings.rotana.com/en/reservation/roomdetails/321518?checkin=20261014&checkout=20261016&rooms=1&adults_1=2,"Collected via the weekly sheet at the standard convention (2 adults, 2 nights, ~30 days lead). Booking engine quoted the STAY TOTAL of USD 546.41; divided by 2 nights to the per-room per-night basis the index stores.",BB,international,direct
2026-09-14,dar_arusha,Protea Hotel Dar es Salaam Courtyard,229.50,2026-10-14,2,https://www.marriott.com/reservation/rateListMenu.mi,"Collected via the weekly sheet at the standard convention (2 adults, 2 nights, ~30 days lead). Booking engine quoted the STAY TOTAL of USD 459.00; divided by 2 nights to the per-room per-night basis the index stores.",BB,international,direct
2026-09-14,dar_arusha,Sea Cliff Hotel,227.12,2026-10-14,2,https://be.synxis.com/?adult=2&arrive=2026-09-14&chain=10237&child=0&currency=TZS&depart=2026-09-15&hotel=75015&level=hotel&locale=en-US&productcurrency=TZS&rooms=1,"Collected via the weekly sheet at the standard convention (2 adults, 2 nights, ~30 days lead). Booking engine quoted the STAY TOTAL of USD 454.23; divided by 2 nights to the per-room per-night basis the index stores.",BB,international,direct
2026-09-14,kampala,Four Points by Sheraton Kampala,250.98,2026-10-14,2,https://www.marriott.com/reservation/reviewguestinformation.mi,"Collected via the weekly sheet at the standard convention (2 adults, 2 nights, ~30 days lead). Booking engine quoted the STAY TOTAL of USD 501.96; divided by 2 nights to the per-room per-night basis the index stores.",BB,international,direct
2026-09-14,kampala,Hilton Garden Inn Kampala,184.00,2026-10-14,2,https://www.hilton.com/en/book/reservation/rooms/?ctyhocn=KLAKRGI&arrivalDate=2026-10-14&departureDate=2026-10-16&room1NumAdults=2&displayCurrency=USD&aarpRate=,"Collected via the weekly sheet at the standard convention (2 adults, 2 nights, ~30 days lead). Booking engine quoted the STAY TOTAL of USD 368.00; divided by 2 nights to the per-room per-night basis the index stores.",BB,international,direct
2026-09-14,kampala,Hotel Africana,120.00,2026-10-14,2,https://www.hotelafricana.com/rooms?check_in=2026-10-14&check_out=2026-10-16&rooms=1&adults=2,"Collected via the weekly sheet at the standard convention (2 adults, 2 nights, ~30 days lead). Booking engine quoted the STAY TOTAL of USD 240.00; divided by 2 nights to the per-room per-night basis the index stores.",BB,international,direct
2026-09-14,kampala,Kabira Country Club,140.00,2026-10-14,2,https://kabiracountryclub.com/,"Collected via the weekly sheet at the standard convention (2 adults, 2 nights, ~30 days lead). Booking engine quoted the STAY TOTAL of USD 280.00; divided by 2 nights to the per-room per-night basis the index stores.",BB,international,direct
2026-09-14,kampala,Kampala Serena,246.50,2026-10-14,2,https://www.serenahotels.com/kampala,"Collected via the weekly sheet at the standard convention (2 adults, 2 nights, ~30 days lead). Booking engine quoted the STAY TOTAL of USD 493.00; divided by 2 nights to the per-room per-night basis the index stores.",BB,international,direct
2026-09-14,kampala,Latitude 0 Degrees,176.00,2026-10-14,2,https://direct-book.com/properties/latitudezerodegreesltddirect?locale=en&items[0][adults]=2&items[0][children]=0&items[0][infants]=0&currency=USD&checkInDate=2026-09-14&checkOutDate=2026-09-15&trackPage=yes,"Collected via the weekly sheet at the standard convention (2 adults, 2 nights, ~30 days lead). Booking engine quoted the STAY TOTAL of USD 352.00; divided by 2 nights to the per-room per-night basis the index stores.",BB,international,direct
2026-09-14,kampala,Mestil Hotel & Residences,182.00,2026-10-14,2,https://direct-book.com/properties/mestildirect?locale=en&checkInDate=2026-10-14&checkOutDate=2026-10-16&items[0][adults]=2&items[0][children]=0&items[0][infants]=0&currency=USD,"Collected via the weekly sheet at the standard convention (2 adults, 2 nights, ~30 days lead). Booking engine quoted the STAY TOTAL of USD 364.00; divided by 2 nights to the per-room per-night basis the index stores.",BB,international,direct
2026-09-14,kampala,Pearl of Africa Hotel,250.00,2026-10-14,2,https://www.pearlofafricahotel.com/booking?checkIn=&checkOut=&guests=2&room=any,"Collected via the weekly sheet at the standard convention (2 adults, 2 nights, ~30 days lead). Booking engine quoted the STAY TOTAL of USD 500.00; divided by 2 nights to the per-room per-night basis the index stores.",BB,international,direct
2026-09-14,kampala,Sheraton Kampala,250.98,2026-10-14,2,https://www.marriott.com/reservation/rateListMenu.mi,"Collected via the weekly sheet at the standard convention (2 adults, 2 nights, ~30 days lead). Booking engine quoted the STAY TOTAL of USD 501.96; divided by 2 nights to the per-room per-night basis the index stores.",BB,international,direct
2026-09-14,kampala,Speke Resort Munyonyo,182.00,2026-10-14,2,https://www.swiftbook.io/inst/#home?propertyId=13491&checkIn=2026-10-14&checkOut=2026-10-16,"Collected via the weekly sheet at the standard convention (2 adults, 2 nights, ~30 days lead). Booking engine quoted the STAY TOTAL of USD 364.00; divided by 2 nights to the per-room per-night basis the index stores.",BB,international,direct
2026-09-14,kigali,2000 Hotel Downtown Kigali,110.09,2026-10-14,2,https://www.booking.com/hotel/rw/2000.en-gb.html?aid=311984&label=2000-YcgPTcaWYfTnt4B%2AaER3pgS392964459797%3Apl%3Ata%3Ap1%3Ap2%3Aac%3Aap%3Aneg%3Afi%3Atikwd-255158358216%3Alp9076846%3Ali%3Adec%3Adm%3Appccp%3DUmFuZG9tSVYkc2RlIyh9YXwxhKG0pUU-mcMVT-JwQpc&sid=c050741c3db477bac190250402b40975&all_sr_blocks=148495101_88944936_2_1_0_230445&checkin=2026-10-14&checkout=2026-10-16&dest_id=-2181358&dest_type=city&dist=0&group_adults=2&group_children=0&hapos=1&highlighted_blocks=148495101_88944936_2_1_0_230445&hpos=1&matching_block_id=148495101_88944936_2_1_0_230445&no_rooms=1&req_adults=2&req_children=0&room1=A%2CA&sb_price_type=total&sr_order=popularity&sr_pri_blocks=148495101_88944936_2_1_0_230445_22018&srepoch=1789372330&srpvid=a975e99fa6d52aaf5f8e2e2606f868ad&type=total&ucfs=1&,"Collected via the weekly sheet at the standard convention (2 adults, 2 nights, ~30 days lead). Booking engine quoted the STAY TOTAL of USD 220.18; divided by 2 nights to the per-room per-night basis the index stores.",BB,promotional,direct
2026-09-14,kigali,Heaven Boutique Hotel,119.70,2026-10-14,2,https://www.booking.com/hotel/rw/heaven-restaurant-amp-boutique.en-gb.html?aid=311984&label=heaven-restaurant-amp-boutique-Jv7SnZfq_XD6uMZjqoSsngS392965036057%3Apl%3Ata%3Ap1%3Ap2%3Aac%3Aap%3Aneg%3Afi%3Atikwd-181183305846%3Alp9076846%3Ali%3Adec%3Adm%3Appccp%3DUmFuZG9tSVYkc2RlIyh9YXwxhKG0pUU-mcMVT-JwQpc&sid=c050741c3db477bac190250402b40975&apif=1&checkin=2026-10-14&checkout=2026-10-16&srpvid=af480eacc0a320df6613fd787db48641&tpi_new_vp=1&,"Collected via the weekly sheet at the standard convention (2 adults, 2 nights, ~30 days lead). Booking engine quoted the STAY TOTAL of USD 239.40; divided by 2 nights to the per-room per-night basis the index stores.",BB,promotional,direct
2026-09-14,kigali,Hotel Des Mille Collines,195.00,2026-10-14,2,https://millecollines.rw/custom-booking-checkout/,"Collected via the weekly sheet at the standard convention (2 adults, 2 nights, ~30 days lead). Booking engine quoted the STAY TOTAL of USD 390.00; divided by 2 nights to the per-room per-night basis the index stores.",BB,international,direct
2026-09-14,kigali,Kigali Marriott,395.12,2026-10-14,2,https://www.marriott.com/reservation/rateListMenu.mi,"Collected via the weekly sheet at the standard convention (2 adults, 2 nights, ~30 days lead). Booking engine quoted the STAY TOTAL of USD 790.25; divided by 2 nights to the per-room per-night basis the index stores.",BB,international,direct
2026-09-14,kigali,Kigali Serena,182.75,2026-10-14,2,https://www.serenahotels.com/kigali/book/accommodations?_gl=1*1d085b7*_ga*NTg4Nzk0NTU1LjE3ODU3NDA4MzQ.*_ga_3R5SJEDWK4*czE3ODkzNjkzMzkkbzE2JGcxJHQxNzg5MzcxNTAwJGoxNCRsMCRoMA..*_gcl_aw*R0NMLjE3ODU3NDA4ODMuQ2owS0NRanctTURUQmhDZ0FSSXNBS0FrZGxScUxfUnRpMG5LMUdWWW81djduOUhCQ2xHTVZxQlRuLW1FWVdmSzB0Y2NXTXJmN3NRVHBpRWFBdWhwRUFMd193Y0I.*_gcl_au*MjgxNDE2MzI0LjE3ODU3NDA4NTMuMTM0NTE0MDQ2Ny4xNzg5MzcxMjkyLjE3ODkzNzE0NTYuNzk4MzY3NTc5LjE3ODkzNjkzNTEuMTc4OTM3MTQ1Ng..&adults=2&datein=10/14/2026&dateout=10/16/2026&domain=www.serenahotels.com&languageid=1&rooms=1,"Collected via the weekly sheet at the standard convention (2 adults, 2 nights, ~30 days lead). Booking engine quoted the STAY TOTAL of USD 365.50; divided by 2 nights to the per-room per-night basis the index stores.",BB,promotional,direct
2026-09-14,kigali,Park Inn by Radisson Kigali,148.74,2026-10-14,2,https://www.radissonhotels.com/en-us/booking/upselling?preBookingId=b70ed190-3269-4614-803b-1c25b8d96330&brandOptIn=rhg&brandPreference=rhg&facilitatorId=CSOSEO,"Collected via the weekly sheet at the standard convention (2 adults, 2 nights, ~30 days lead). Booking engine quoted the STAY TOTAL of USD 297.48; divided by 2 nights to the per-room per-night basis the index stores.",BB,international,direct
2026-09-14,kigali,Radisson Blu Hotel & Convention Centre Kigali,225.85,2026-10-14,2,https://www.radissonhotels.com/en-us/booking/upselling?preBookingId=ff60f302-827f-48cf-bb00-ea00d0e918ac&brandOptIn=rhg&brandPreference=rhg&facilitatorId=RHGSEM,"Collected via the weekly sheet at the standard convention (2 adults, 2 nights, ~30 days lead). Booking engine quoted the STAY TOTAL of USD 451.70; divided by 2 nights to the per-room per-night basis the index stores.",BB,international,direct
2026-09-14,kigali,Ubumwe Grande,240.00,2026-10-14,2,https://reservations.ubumwegrandehotel.com/114531?_gl=1*pix422*_ga*MTg2NDI1MTI4Ny4xNzg1NzUzMTQ0*_ga_3R5SJEDWK4*czE3ODg3NjQzMzAkbzckZzEkdDE3ODg3NjQzOTUkajYwJGwwJGgw*_gcl_aw*R0NMLjE3ODYzNTAyMTMuQ2owS0NRanc3ZVhUQmhEQkFSSXNBS0YtdzQ1TzlyMkZIUERUZ2p3R0h3OURLVmxzclNHTFdSdmlnVTMxWC1ncUVKdkRDNmxaSGQ5UzJ0Z2FBczduRUFMd193Y0I.*_gcl_dc*R0NMLjE3ODYzNTAyMTMuQ2owS0NRanc3ZVhUQmhEQkFSSXNBS0YtdzQ1TzlyMkZIUERUZ2p3R0h3OURLVmxzclNHTFdSdmlnVTMxWC1ncUVKdkRDNmxaSGQ5UzJ0Z2FBczduRUFMd193Y0I.*_gcl_au*NDIxMjQ1NzgyLjE3ODU3NTMxNDc.&adults=2&datein=10/14/2026&dateout=10/16/2026&domain=www.ubumwegrandehotel.com&languageid=1&rooms=1#/total,"Collected via the weekly sheet at the standard convention (2 adults, 2 nights, ~30 days lead). Booking engine quoted the STAY TOTAL of USD 480.00; divided by 2 nights to the per-room per-night basis the index stores.",RO,international,direct
2026-09-14,nairobi,Best Western Plus Westlands,112.00,2026-10-14,2,https://www.bestwestern.com/en_US/book/booking-summary.html,"Collected via the weekly sheet at the standard convention (2 adults, 2 nights, ~30 days lead). Booking engine quoted the STAY TOTAL of USD 224.00; divided by 2 nights to the per-room per-night basis the index stores.",BB,international,direct
2026-09-14,nairobi,Crowne Plaza Nairobi Airport,274.31,2026-10-14,2,"https://www.ihg.com/hotels/gb/en/find-hotels/select-roomrate?qDest=Nairobi,%20Kenya&qPt=CASH&qCiD=14&qCoD=16&qCiMy=092026&qCoMy=092026&qAdlt=2&qChld=0&qRms=1&qSlH=NBOIR&qAkamaiCC=KE&srb_u=1&qExpndSrch=false&qFS=false&qSrt=sAV&qBrs=6c.hi.ex.sb.ul.ic.cp.cw.in.vn.cv.rs.ki.kd.ma.sp.va.sp.re.vx.nd.sx.we.lx.rn.sn.sn.sn.sn.sn.nu.ge.fa&qWch=0&qSmP=0&qRad=30&qRdU=mi&setPMCookies=false&qpMbw=0&qErm=false&qpMn=1&qpMbx=0&qLoSe=false&qRmFltr=","Collected via the weekly sheet at the standard convention (2 adults, 2 nights, ~30 days lead). Booking engine quoted the STAY TOTAL of USD 548.61; divided by 2 nights to the per-room per-night basis the index stores. Collector note: Populated in Uganda Row",BB,international,direct
2026-09-14,nairobi,Fairview Hotel Nairobi,214.09,2026-10-14,2,"https://www.ihg.com/vignettecollection/hotels/us/en/find-hotels/select-roomrate?fromRedirect=true&qSrt=sBR&qErm=false&qSlH=NBOFN&qRms=1&qAdlt=2&qChld=0&qCiD=14&qCiMy=092026&qCoD=16&qCoMy=092026&qAAR=&qRtP=6CBARC&setPMCookies=true&qSHBrC=LX&qDest=Bishop%20Road%20Upper%20Hill,%20Nairobi,%20KE&qpMbw=0&qpMn=1&srb_u=1&qRmFltr=","Collected via the weekly sheet at the standard convention (2 adults, 2 nights, ~30 days lead). Booking engine quoted the STAY TOTAL of USD 428.18; divided by 2 nights to the per-room per-night basis the index stores.",BB,international,direct
2026-09-14,nairobi,Four Points by Sheraton Nairobi,265.25,2026-10-14,2,https://www.marriott.com/reservation/reviewguestinformation.mi,"Collected via the weekly sheet at the standard convention (2 adults, 2 nights, ~30 days lead). Booking engine quoted the STAY TOTAL of USD 530.50; divided by 2 nights to the per-room per-night basis the index stores.",BB,international,direct
2026-09-14,nairobi,Hemingways Nairobi,1250.00,2026-10-14,2,"https://checkout.hemingways-collection.com/en/booking/step2/fabric/hemingwaysnairobi?checkin=2026-10-14&checkout=2026-10-16&mode=offers&Currency=USD&OfferID=701885&rooms=385155&occupancy=3550725@2&people=2&firstStepOccupancy[r1_adults]=2&Source=v7&accepted-cookie-policies=necessary,analytics,marketing&cart_id=55f0ba29-aa3c-4278-869f-3cdc1f875394","Collected via the weekly sheet at the standard convention (2 adults, 2 nights, ~30 days lead). Booking engine quoted the STAY TOTAL of USD 2500.00; divided by 2 nights to the per-room per-night basis the index stores. First observation for this property. Collector note: Executive Double Suite",BB,international,direct
2026-09-14,nairobi,JW Marriott Nairobi,376.00,2026-10-14,2,https://www.marriott.com/reservation/reviewguestinformation.mi,"Collected via the weekly sheet at the standard convention (2 adults, 2 nights, ~30 days lead). Booking engine quoted the STAY TOTAL of USD 752.00; divided by 2 nights to the per-room per-night basis the index stores.",BB,international,direct
2026-09-14,nairobi,Nairobi Serena Hotel,259.50,2026-10-14,2,https://www.serenahotels.com/nairobi/book/checkout,"Collected via the weekly sheet at the standard convention (2 adults, 2 nights, ~30 days lead). Booking engine quoted the STAY TOTAL of USD 519.00; divided by 2 nights to the per-room per-night basis the index stores.",BB,international,direct
2026-09-14,nairobi,Ole Sereni,245.00,2026-10-14,2,"https://bookings.oleserenihotel.com/inst/#/reseve?propertyId=543MjYSLYVCQ7UCHdIWX5evCbNiUuqwGtyMjg=&JDRN=Y&fixp=ODE3M0BPTEVTRVJFTkk=&RoomID=169097,176569,176566,169099,169098,169777,176567","Collected via the weekly sheet at the standard convention (2 adults, 2 nights, ~30 days lead). Booking engine quoted the STAY TOTAL of USD 490.00; divided by 2 nights to the per-room per-night basis the index stores. First observation for this property.",BB,international,direct
2026-09-14,nairobi,Radisson Blu Upper Hill,226.50,2026-10-14,2,https://www.radissonhotels.com/en-us/booking/checkout?preBookingId=3b5dcb5c-05ce-4503-9249-bc9ee5dffda3&brandOptIn=rhg&brandPreference=rhg&facilitatorId=RHGSEM,"Collected via the weekly sheet at the standard convention (2 adults, 2 nights, ~30 days lead). Booking engine quoted the STAY TOTAL of USD 453.00; divided by 2 nights to the per-room per-night basis the index stores. First observation for this property.",BB,international,direct
2026-09-14,nairobi,Sankara Westlands,303.26,2026-10-14,2,https://www.marriott.com/reservation/reviewguestinformation.mi,"Collected via the weekly sheet at the standard convention (2 adults, 2 nights, ~30 days lead). Booking engine quoted the STAY TOTAL of USD 606.52; divided by 2 nights to the per-room per-night basis the index stores. First observation for this property.",BB,international,direct
2026-09-14,nairobi,Sarova Stanley,184.22,2026-10-14,2,https://bookings.sarovahotels.com/en/reservation/checkout,"Collected via the weekly sheet at the standard convention (2 adults, 2 nights, ~30 days lead). Booking engine quoted the STAY TOTAL of USD 368.44; divided by 2 nights to the per-room per-night basis the index stores.",BB,international,direct
2026-09-14,nairobi,The Boma Hotel,116.64,2026-10-14,2,https://bookings.theboma.co.ke/?propertyId=8262&chainId=6791&checkIn=2026-10-14&checkOut=2026-10-16&adults_1=2&children_1=0&adults=2&children=0&rooms=1&promocode=&triggerSearch=true&_ga=2.136125361.1494011757.1789375284-1867506973.1785743094&_glCID=1867506973.1785743094&_gl=1*1degs8g*_ga*MTg2NzUwNjk3My4xNzg1NzQzMDk0*_ga_G4R7ME4T71*czE3ODkzNzUyODYkbzckZzEkdDE3ODkzNzUzMTkkajI3JGwwJGgw*_ga_DMYPKC176S*czE3ODkzNzUyODckbzckZzEkdDE3ODkzNzUzMTkkajI4JGwwJGgw*_ga_9P5C8V9HYM*czE3ODkzNzUyODckbzckZzEkdDE3ODkzNzUzMTkkajI4JGwwJGgw,"Collected via the weekly sheet at the standard convention (2 adults, 2 nights, ~30 days lead). Booking engine quoted the STAY TOTAL of USD 233.28; divided by 2 nights to the per-room per-night basis the index stores.",BB,promotional,direct
2026-09-14,nairobi,Trademark Hotel Gigiri,282.80,2026-10-14,2,https://be.synxis.com/addons?adult=2&arrive=2026-10-14&chain=5154&child=0&config=Trademark_SBE_V2&currency=USD&depart=2026-10-16&hotel=80482&level=hotel&locale=en-US&productcurrency=USD&rooms=1&sbe_rc=M2ZhZjkwYzQtMzQ4YS00ODE2LWE4NzItNzdmYjc0ZjAxNGE5&theme=Trademark_SBE_V2,"Collected via the weekly sheet at the standard convention (2 adults, 2 nights, ~30 days lead). Booking engine quoted the STAY TOTAL of USD 565.60; divided by 2 nights to the per-room per-night basis the index stores. First observation for this property.",BB,international,direct
2026-09-14,nairobi,Tribe Hotel,302.17,2026-10-14,2,https://be.synxis.com/addons?adult=2&arrive=2026-10-14&chain=5154&child=0&config=Tribe_SBE&currency=USD&depart=2026-10-16&hotel=55658&level=hotel&locale=en-US&productcurrency=USD&rooms=1&sbe_rc=ZTIyNjAxZTMtODNjNC00OTAxLThmNmItOGFmYmJlNGFhMDkw&theme=Tribe_SBE_V2,"Collected via the weekly sheet at the standard convention (2 adults, 2 nights, ~30 days lead). Booking engine quoted the STAY TOTAL of USD 604.34; divided by 2 nights to the per-room per-night basis the index stores. First observation for this property.",BB,international,direct
2026-09-14,nairobi,Villa Rosa Kempinski,325.62,2026-10-14,2,https://www.kempinski.com/en/booking/enhance,"Collected via the weekly sheet at the standard convention (2 adults, 2 nights, ~30 days lead). Booking engine quoted the STAY TOTAL of USD 651.25; divided by 2 nights to the per-room per-night basis the index stores.",BB,international,direct
2026-09-14,lakekivu,Gorillas Lake Kivu Hotel,150.57,2026-10-14,2,https://www.expedia.com/checkout/session/e8c46668-b870-420e-8d51-f749d37cc3a7?tripId=f0069fc6-af7f-5571-a82d-b46e9bf56cc2&productLine=LODGING&searchId=657374e0-976a-4816-8361-de69cf7d76c4&legacyUrl=%2FHotelCheckout%3Ftripid%3Df0069fc6-af7f-5571-a82d-b46e9bf56cc2%26c%3D68f09d6b-61ac-4322-8a4d-9f28bdc1d9f0%26swpApplied%3Dtrue%26searchId%3D657374e0-976a-4816-8361-de69cf7d76c4%26forceLodgingReshop%3Dtrue,"Collected via the weekly sheet at the standard convention (2 adults, 2 nights, ~30 days lead). Booking engine quoted the STAY TOTAL of USD 301.14; divided by 2 nights to the per-room per-night basis the index stores.",BB,international,direct
2026-09-14,lakekivu,Home Saint Jean,70.00,2026-10-14,2,https://secure.booking.com/book.html?hotel_id=12846201&occupancy_setup_issue_flags=&aid=311984&label=home-saint-jean-ltd-karongi-NrHMhkwP0VnsBumwOQoSDgS715827650620%3Apl%3Ata%3Ap1%3Ap2%3Aac%3Aap%3Aneg%3Afi%3Atikwd-16965934176%3Alp9076846%3Ali%3Adec%3Adm%3Appccp%3DUmFuZG9tSVYkc2RlIyh9YXdX6HrtnYy-Ml68sH-ljtU&lang=en-gb&sid=c050741c3db477bac190250402b40975&room1=A%2CA&error_url=%2Fhotel%2Frw%2Fhome-saint-jean-ltd-karongi.en-gb.html%3Faid%3D311984%26label%3Dhome-saint-jean-ltd-karongi-NrHMhkwP0VnsBumwOQoSDgS715827650620%253Apl%253Ata%253Ap1%253Ap2%253Aac%253Aap%253Aneg%253Afi%253Atikwd-16965934176%253Alp9076846%253Ali%253Adec%253Adm%253Appccp%253DUmFuZG9tSVYkc2RlIyh9YXdX6HrtnYy-Ml68sH-ljtU%26sid%3Dc050741c3db477bac190250402b40975%26srpvid%3D9cf8a97e3e3eacb9d3343156f60001a4%26%26&hostname=www.booking.com&stage=1&checkin=2026-10-14&interval=2&children_extrabeds=&srpvid=9cf8a97e3e3eacb9d3343156f60001a4&hp_visits_num=1&rt_pos_selected=1&rt_pos_selected_within_room=1&rt_selected_block_position=1&rt_num_blocks=6&rt_num_rooms=6&rt_num_blocks_per_room=%7B%221284620114%22%3A1%2C%221284620117%22%3A1%2C%221284620121%22%3A1%2C%221284620115%22%3A1%2C%221284620113%22%3A1%2C%221284620116%22%3A1%7D&rt_selected_blocks_info=%7B%221284620114_401396240_2_1_0%22%3A%7B%22rt_selected_block_position_in_rt%22%3A1%2C%22rt_selected_block_position_in_room_group%22%3A0%2C%22count%22%3A1%2C%22rt_room_symmetry_category%22%3A%22one_rate%22%7D%7D&rt_relevance_metric_id=dffaa912-0b60-4bd0-af5d-bb4a5e985a76&rt_pageview_id=a4873f74f7d407d3&rt_pos_final=1.1&rt_selected_total_price=140&rt_cheapest_search_price=140&rt_with_no_dimensions=1&from_source=hotel&rt_fetch_room_table_time=1789376486.58794&nr_rooms_1284620114_401396240_2_1_0=1&basket_id=9d42ce1f-f857-4693-8b2e-a282c3683597,"Collected via the weekly sheet at the standard convention (2 adults, 2 nights, ~30 days lead). Booking engine quoted the STAY TOTAL of USD 140.00; divided by 2 nights to the per-room per-night basis the index stores.",BB,international,direct
2026-09-14,lakekivu,Kivu Marina Bay Hotel,173.52,2026-10-14,2,https://all.accor.com/booking/en/mantis/hotel/B6Y6?dateIn=2026-10-14&nights=2&compositions=2&stayplus=false&snu=false&accessibleRooms=false&hideWDR=false&productCode=null&hideHotelDetails=true&partner_id=Mantis&_gl=1*1af8fjk*_ga*MTk2MTI3ODk0Ni4xNzg1NzQ0MjQy*_ga_2J20SWCDG8*czE3ODg3NjMyMDMkbzckZzEkdDE3ODg3NjMyMTkkajQ0JGwwJGgw&basketId=746d2e20-e31e-469a-a522-f5d3c90371e0,"Collected via the weekly sheet at the standard convention (2 adults, 2 nights, ~30 days lead). Booking engine quoted the STAY TOTAL of USD 347.04; divided by 2 nights to the per-room per-night basis the index stores.",BB,international,direct
2026-09-14,lakekivu,Lake Kivu Serena Hotel,310.00,2026-10-14,2,https://www.serenahotels.com/lake-kivu/book/checkout,"Collected via the weekly sheet at the standard convention (2 adults, 2 nights, ~30 days lead). Booking engine quoted the STAY TOTAL of USD 620.00; divided by 2 nights to the per-room per-night basis the index stores.",BB,international,direct
2026-09-14,lakekivu,Moriah Hill Resort,140.00,2026-10-14,2,https://moriah-hill.com/book-now-2/?check_in=2026-10-13&check_out=2026-10-15&adults=2&children=0&infants=0&number_rooms=1&promo_code&hotel=0&res=6127febc2a8fb73bc584bbd4cc17de52f5d8e2e7,"Collected via the weekly sheet at the standard convention (2 adults, 2 nights, ~30 days lead). Booking engine quoted the STAY TOTAL of USD 280.00; divided by 2 nights to the per-room per-night basis the index stores.",BB,international,direct
2026-09-14,lakevictoria,Brovad Sands Lodge,126.50,2026-10-14,2,https://www.expedia.com/checkout/session/ef1d8849-8fc4-4fd7-91ad-71541083e2a7?tripId=802bc48e-741b-508f-84b2-76f1b4f4525f&productLine=LODGING&searchId=874483ff-0e76-4eb5-91b9-4155ee6ba111&legacyUrl=%2FHotelCheckout%3Ftripid%3D802bc48e-741b-508f-84b2-76f1b4f4525f%26c%3D8a3c190c-9652-4d9c-96bf-790dc7a08a4b%26swpApplied%3Dtrue%26searchId%3D874483ff-0e76-4eb5-91b9-4155ee6ba111%26forceLodgingReshop%3Dtrue,"Collected via the weekly sheet at the standard convention (2 adults, 2 nights, ~30 days lead). Booking engine quoted the STAY TOTAL of USD 253.00; divided by 2 nights to the per-room per-night basis the index stores.",BB,international,direct
2026-09-14,lakevictoria,Munyonyo Commonwealth Resort,216.90,2026-10-14,2,https://www.booking.com/hotel/ug/speke-resort.en-gb.html?aid=311984&label=speke-resort-a8%2Az1KsW%2AHhhDSTwlwtjRwS392965035979%3Apl%3Ata%3Ap1%3Ap2%3Aac%3Aap%3Aneg%3Afi%3Atikwd-39313503534%3Alp9076846%3Ali%3Adec%3Adm%3Appccp%3DUmFuZG9tSVYkc2RlIyh9YXwxhKG0pUU-mcMVT-JwQpc&sid=c050741c3db477bac190250402b40975&all_sr_blocks=113714901_415077260_2_41_0&checkin=2026-10-14&checkout=2026-10-16&dest_id=-1728891&dest_type=city&dist=0&group_adults=2&group_children=0&hapos=1&highlighted_blocks=113714901_415077260_2_41_0&hpos=1&matching_block_id=113714901_415077260_2_41_0&no_rooms=1&req_adults=2&req_children=0&room1=A%2CA&sb_price_type=total&sr_order=popularity&sr_pri_blocks=113714901_415077260_2_41_0__43380&srepoch=1789377115&srpvid=46060b19398c71096c02c87d485f12d8&type=total&ucfs=1&,"Collected via the weekly sheet at the standard convention (2 adults, 2 nights, ~30 days lead). Booking engine quoted the STAY TOTAL of USD 433.80; divided by 2 nights to the per-room per-night basis the index stores.",BB,international,direct
2026-09-14,lakevictoria,Wildwaters Lodge,820.00,2026-10-14,2,https://www.lemalacamps.com/rates/?st_source=ai_overview,"Collected via the weekly sheet at the standard convention (2 adults, 2 nights, ~30 days lead). Booking engine quoted the STAY TOTAL of USD 1640.00; divided by 2 nights to the per-room per-night basis the index stores. Collector note: This is Bush.Low Season
1 Nov 26 – 19 Dec 26
+ 1 March 27 – 31 May 27 is 350 USD  

Mid Season
1 June 26 – 30 June 26
+ 1 Oct 26 – 31 Oct 26
+ 6 Jan 27 – 28 Feb 27 
410 USD

High Season
1 July 26 – 30 Sept 26
+ 20 Dec 26 – 5 Jan 27
USD 500",FB,international,direct
2026-09-14,coast,Almanara Diani,980.00,2026-10-14,2,https://almanararesort.com/book-your-stay/,"Collected via the weekly sheet at the standard convention (2 adults, 2 nights, ~30 days lead). Booking engine quoted the STAY TOTAL of USD 1960.00; divided by 2 nights to the per-room per-night basis the index stores.",BB,international,direct
2026-09-14,coast,Swahili Beach,441.60,2026-10-14,2,https://checkout.profitroom.com/en/booking/step3/material/swahilibeachresort/GLIWCTT/92d2e823ace6bebae92abacdd9b934b0?Currency=USD&firstStepOccupancy%5Br1_adults%5D=2&Source=v7&accepted-cookie-policies=necessary%2Canalytics%2Cmarketing,"Collected via the weekly sheet at the standard convention (2 adults, 2 nights, ~30 days lead). Booking engine quoted the STAY TOTAL of USD 883.20; divided by 2 nights to the per-room per-night basis the index stores. Collector note: Club room",BB,international,direct
2026-09-14,zanzibar,Baraza Resort & Spa,1414.49,2026-10-14,2,https://direct-book.com/properties/BarazaResort&SpaDirect?locale=en&_gl=1*1i631uh*_gcl_au*MTQyMDk1ODY0Ny4xNzg5Mzc4NTYz*_ga*MzU3NTkxNDQuMTc4OTM3ODU2Mw..*_ga_DR49RY6KMG*czE3ODkzNzg1NjIkbzEkZzAkdDE3ODkzNzg1NjIkajYwJGwwJGgw&items[0][adults]=2&items[0][children]=0&items[0][infants]=0&items[0][rateId]=534569&currency=USD&checkInDate=2026-10-14&checkOutDate=2026-10-16&trackPage=yes&selected=0,"Collected via the weekly sheet at the standard convention (2 adults, 2 nights, ~30 days lead). Booking engine quoted the STAY TOTAL of USD 2828.99; divided by 2 nights to the per-room per-night basis the index stores.",AI,international,direct
2026-09-14,zanzibar,Breezes Beach Club & Spa,470.73,2026-10-14,2,https://direct-book.com/properties/BreezesBeachClubSpaDIRECT?locale=en&_gl=1*1sev4jl*_gcl_au*MTQ2NzM5NzQ2My4xNzg1NzU5NzU5*_ga*MTUxMjk2MDk0LjE3ODU3NTk3NTk.*_ga_5B1ZGQE4NN*czE3ODkzNzg2ODAkbzgkZzAkdDE3ODkzNzg2ODAkajYwJGwwJGgw&items[0][adults]=2&items[0][children]=0&items[0][infants]=0&items[0][rateId]=532677&currency=USD&checkInDate=2026-10-14&checkOutDate=2026-10-16&trackPage=yes&selected=0,"Collected via the weekly sheet at the standard convention (2 adults, 2 nights, ~30 days lead). Booking engine quoted the STAY TOTAL of USD 941.46; divided by 2 nights to the per-room per-night basis the index stores.",HB,international,direct
2026-09-14,zanzibar,Essque Zalu Zanzibar,278.00,2026-10-14,2,https://book.essquehotels.com/guest?nrNights=2&gc=1764a4d34b6c4e6c0b4bdf42fbf0f7ee&endDay=16-10-2026&startDay=14-10-2026,"Collected via the weekly sheet at the standard convention (2 adults, 2 nights, ~30 days lead). Booking engine quoted the STAY TOTAL of USD 556.00; divided by 2 nights to the per-room per-night basis the index stores.",HB,international,direct
2026-09-14,zanzibar,Kilindi Zanzibar,1648.00,2026-10-14,2,https://hypercommerce.guestcentric.net/extras/5.2?gc=5ab115919510060a28810a25eaa93345&channelKey=58e5de4e971fc00be29aa10492813ad4&l=en&pc=&nrAdults=2&amount=1&url=https://www.kilindizanzibar.com/&ck=1111&nrNights=2&startDay=2026-10-14,"Collected via the weekly sheet at the standard convention (2 adults, 2 nights, ~30 days lead). Booking engine quoted the STAY TOTAL of USD 3296.00; divided by 2 nights to the per-room per-night basis the index stores.",AI,international,direct
2026-09-14,zanzibar,Park Hyatt Zanzibar,495.88,2026-10-14,2,https://www.hyatt.com/shop/rooms/znzph?checkinDate=2026-10-14&checkoutDate=2026-10-16&rooms=1&adults=2&kids=0&rate=Standard&accessibilityCheck=false,"Collected via the weekly sheet at the standard convention (2 adults, 2 nights, ~30 days lead). Booking engine quoted the STAY TOTAL of USD 991.76; divided by 2 nights to the per-room per-night basis the index stores. First observation for this property.",BB,international,direct
2026-09-14,safari,Cottar's 1920s Safari Camp,4400.00,2026-10-14,2,https://cottars.com/availability-cottars-safaris-1920s-camp,"Collected via the weekly sheet at the standard convention (2 adults, 2 nights, ~30 days lead). Booking engine quoted the STAY TOTAL of USD 8800.00; divided by 2 nights to the per-room per-night basis the index stores. Collector note: Rates for 2 adults is 4400, per adult is 2950",AI,international,direct
2026-09-14,safari,JW Marriott Masai Mara Lodge,4950.00,2026-10-14,2,https://www.marriott.com/reservation/rateListMenu.mi,"Collected via the weekly sheet at the standard convention (2 adults, 2 nights, ~30 days lead). Booking engine quoted the STAY TOTAL of USD 9900.00; divided by 2 nights to the per-room per-night basis the index stores. Collector note: USD 4950 Room rate per night",AI,promotional,direct
2026-09-14,safari,Serengeti Bushtops,3740.00,2026-10-14,2,https://bushtopscamps.com/rates/,"Collected via the weekly sheet at the standard convention (2 adults, 2 nights, ~30 days lead). Booking engine quoted the STAY TOTAL of USD 7480.00; divided by 2 nights to the per-room per-night basis the index stores.",FB,international,direct
2026-09-14,safari,andBeyond Bateleur Camp,5190.00,2026-10-14,2,https://www.andbeyond.com/lodge-editorial/bateleur-camp/accommodation/,"Collected via the weekly sheet at the standard convention (2 adults, 2 nights, ~30 days lead). Booking engine quoted the STAY TOTAL of USD 10380.00; divided by 2 nights to the per-room per-night basis the index stores. Collector note: Luxury Tent | Per person per night | 2 guests
01 Jan - 05 Jan
USD 2,520

06 Jan - 10 Jan
USD 1,420

11 Jan - 31 Mar
USD 1,465

01 April - 15 Jun
USD 1,245

16 Jun - 31 Oct
USD 2,595

01 Nov - 20 Dec
USD 1,465

21 Dec - 31 Dec
USD 2,595

Per Luxury Family Tent per night | 4 guests
01 Jan - 05 Jan
USD 8,820

06 Jan - 10 Jan
USD 4,970

11 Jan - 31 Mar
USD 5,130

01 April - 15 Jun
USD 4,360

16 Jun - 31 Oct
USD 9,085

01 Nov - 20 Dec
USD 5,130

21 Dec - 31 Dec
USD 9,085",AI,international,direct
2026-09-14,safari,andBeyond Grumeti Serengeti,5040.00,2026-10-14,2,https://www.andbeyond.com/lodge-editorial/grumeti-serengeti-river-lodge/accommodation/,"Collected via the weekly sheet at the standard convention (2 adults, 2 nights, ~30 days lead). Booking engine quoted the STAY TOTAL of USD 10080.00; divided by 2 nights to the per-room per-night basis the index stores. Collector note: All-inclusive
Preferential long-stay rates apply for stays of 4 nights or more.
Enquire with your Travel Specialist to tailor your journey.

Suite | Per person per night | 2 guests
01 - 10 Jan
USD 2,790

11 Jan - 31 Mar
USD 1,310

01 - 30 Apr
Closed

01 - 15 May
USD 1,310

16 May - 31 Aug
USD 2,930

01 Sep - 31 Oct
USD 2,520

01 Nov - 20 Dec
USD 1,310

21 - 31 Dec
USD 2,930

Family Suite | Per suite per night | 4 guests
01 - 10 Jan
USD 9,765

11 Jan - 31 Mar
USD 4,585

01 - 30 Apr
Closed

01 - 15 May
USD 4,585

16 May - 31 Aug
USD 10,255

01 Sep - 31 Oct
USD 8,820

01 Nov - 20 Dec
USD 4,585

21 - 31 Dec
USD 10,255",AI,international,direct
2026-09-14,volcanoes,Ruzizi Tented Lodge (Akagera),516.00,2026-10-14,2,https://visitakagera.org/ruzizi-tented-lodge/#rates,"Collected via the weekly sheet at the standard convention (2 adults, 2 nights, ~30 days lead). Booking engine quoted the STAY TOTAL of USD 1032.00; divided by 2 nights to the per-room per-night basis the index stores. Collector note: USD 258 PPS",FB,international,direct
2026-09-14,volcanoes,Singita Kwitonda Lodge,7260.00,2026-10-14,2,https://singita.com/booking/search/?regions%5B%5D=RWK&lodges%5B%5D=RWK-KL&startDate=2026-10-14&endDate=2026-10-16&adults=2&children=0&toddler=0&baby=0,"Collected via the weekly sheet at the standard convention (2 adults, 2 nights, ~30 days lead). Booking engine quoted the STAY TOTAL of USD 14520.00; divided by 2 nights to the per-room per-night basis the index stores. Collector note: USD 3630 Per adult per night",AI,international,direct
2026-09-15,nairobi,Fairview Hotel Nairobi,194,2026-10-15,2,"Google Hotels via SerpApi, 2026-09-15","Matched 'Fairview Hotel Nairobi, Vignette Collection by IHG' (similarity 0.62); lowest displayed nightly rate, inclusions not stated by Google.",UNK,international,ota
2026-09-15,nairobi,Radisson Blu Nairobi,203,2026-10-15,2,"Google Hotels via SerpApi, 2026-09-15","Matched 'Radisson Blu Hotel, Nairobi Upper Hill' (similarity 0.70); lowest displayed nightly rate, inclusions not stated by Google.",UNK,international,ota
2026-09-16,nairobi,Ole Sereni,106,2026-10-16,2,"Google Hotels via SerpApi, 2026-09-16","Matched 'Ole-Sereni' (similarity 1.00); lowest displayed nightly rate, inclusions not stated by Google.",UNK,international,ota
2026-09-16,nairobi,Best Western Plus Westlands,65,2026-10-16,2,"Google Hotels via SerpApi, 2026-09-16","Matched 'Best Western Plus Meridian Hotel' (similarity 0.71); lowest displayed nightly rate, inclusions not stated by Google.",UNK,international,ota
2026-09-17,nairobi,Four Points by Sheraton Nairobi,206,2026-10-17,2,"Google Hotels via SerpApi, 2026-09-17","Matched 'Four Points by Sheraton Nairobi Airport' (similarity 0.89); lowest displayed nightly rate, inclusions not stated by Google.",UNK,international,ota
2026-09-17,coast,Serena Beach Resort & Spa,356,2026-10-17,2,"Google Hotels via SerpApi, 2026-09-17","Matched 'Serena Beach Resort & Spa' (similarity 1.00); lowest displayed nightly rate, inclusions not stated by Google.",UNK,international,ota
2026-09-21,nairobi,Nairobi Serena Hotel,200,2026-10-21,2,"Google Hotels via SerpApi, 2026-09-21","Matched 'Nairobi Serena Hotel' (similarity 1.00); lowest displayed nightly rate, inclusions not stated by Google.",UNK,international,ota
2026-09-21,nairobi,JW Marriott Nairobi,326,2026-10-21,2,"Google Hotels via SerpApi, 2026-09-21","Matched 'JW Marriott Hotel Nairobi' (similarity 0.86); lowest displayed nightly rate, inclusions not stated by Google.",UNK,international,ota
